"Id";"Descricao";"TipoUnidade_id";"Ativo";"NomeExibicao"
"01";"Ouvidoria Geral do Distrito Federal";"1";"1";"OGDF"
"01001";"SES - Secretaria de Estado de Saúde do Distrito Federal";"3";"1";"SES"
"01001001";"Instituto de Gestão Estratégica em Saúde - IGESDF";"4";"1";"IGESDF"
"01001001001";"NÚCLEO DE CONTROLE DE INFECÇÃO HOSPITALAR/HBDF";"4";"0";"NCIH/HBDF"
"01001001002";"NÚCLEO DE VIGILÂNCIA EPIDEMIOLÓGICA/HBDF";"4";"0";""
"01001001003";"NÚCLEO DE QUALIDADE E SEGURANÇA DO PACIENTE/HBDF";"4";"0";"NQSP/HBDF"
"01001001004";"NÚCLEO DE TECNOLOGIA DA INFORMAÇÃO/HBDF";"4";"0";"NTINF/HBDF"
"01001001005";"DIRETORIA DE ATENÇÃO À SAÚDE/HBDF";"4";"0";"DAS/HBDF"
"01001001005001";"GERÊNCIA DE FARMÁCIA/HBDF";"4";"0";"GENFAR/DAS/HBDF"
"01001001005001001";"NÚCLEO DE FARMÁCIA CLÍNICA/HBDF";"4";"0";"NFC/GENFAR/DAS/HBDF"
"01001001005001002";"NÚCLEO DE LOGÍSTICA FARMACÊUTICA/HBDF";"4";"0";"NLF/GENFAR/HBDF"
"01001001005002";"GERÊNCIA DE MEDICINA INTERNA/HBDF";"4";"0";"GMI/DAS/HBDF"
"01001001005002001";"UNIDADE DE ACUPUNTURIATRIA E FISIATRIA/HBDF";"4";"0";"UACF/GMI/DAS/HBDF"
"01001001005002002";"UNIDADE DE ALERGIA E IMUNOLOGIA/HBDF";"4";"0";"UALERGI/GMI/DAS/HBDF"
"01001001005002003";"UNIDADE DE CARDIOLOGIA/HBDF";"4";"0";"UCARD/GMI/DAS/HBDF"
"01001001005002004";"UNIDADE DE CLÍNICA MÉDICA/HBDF";"4";"0";"UCM/GMI/DAS/HBDF"
"01001001005002005";"UNIDADE DE CUIDADOS PALIATIVOS/HBDF";"4";"0";"UCPA/GMI/DAS/HBDF"
"01001001005002006";"UNIDADE DE ENDOCRINOLOGIA/HBDF";"4";"0";"UENDO/GMI/DAS/HBDF"
"01001001005002007";"UNIDADE DE GASTROENTEROLOGIA/HBDF";"4";"0";"UGAS/GMI/DAS/HBDF"
"01001001005002008";"UNIDADE DE HEMATOLOGIA E HEMOTERAPIA/HBDF";"4";"0";"UHH/GMI/DAS/HBDF"
"01001001005002009";"UNIDADE DE NEFROLOGIA/HBDF";"4";"0";"UNEFRO/GMI/DAS/HBDF"
"01001001005002010";"UNIDADE DE NEUROLOGIA/HBDF";"4";"0";"UNEURO/GMI/DAS/HBDF"
"01001001005002011";"UNIDADE DE ONCOLOGIA CLÍNICA/HBDF";"4";"0";"UONC/GMI/DAS/HBDF"
"01001001005002012";"UNIDADE DE PEDIATRIA/HBDF";"4";"0";"UPED/GMI/DAS/HBDF"
"01001001005002013";"UNIDADE DE PNEUMOLOGIA/HBDF";"4";"0";"UPNEUMO/GMI/DAS/HBDF"
"01001001005002014";"UNIDADE DE PSIQUIATRIA/HBDF";"4";"0";"UPSIQ/GMI/DAS/HBDF"
"01001001005002015";"UNIDADE DE REUMATOLOGIA/HBDF";"4";"0";"UREU/GMI/DAS/HBDF"
"01001001005002016";"NÚCLEO DE INFECTOLOGIA/HBDF";"4";"0";"UNINF/GMI/DAS/HBDF"
"01001001005003";"GERÊNCIA DE MEDICINA CIRÚRGICA/HBDF";"4";"0";"GMC/DAS/HBDF"
"01001001005003001";"UNIDADE DE ANESTESIOLOGIA E MEDICINA PERIOPERATORIA/HBDF";"4";"0";"UAMP/GMC/DAS/HBDF"
"01001001005003002";"UNIDADE DE ENDOSCOPIA RESPIRATÓRIA/HBDF";"4";"0";"UER/GMC/DAS/HBDF"
"01001001005003003";"UNIDADE DE CIRURGIA CARDÍACA/HBDF";"4";"0";"UCICAR/GMC/DAS/HBDF"
"01001001005003004";"UNIDADE DE CIRURGIA VASCULAR PERIFÉRICA/HBDF";"4";"0";"UCVP/GMC/DAS/HBDF"
"01001001005003005";"UNIDADE DE CIRURGIA GERAL/HBDF";"4";"0";"UCG/GMC/DAS/HBDF"
"01001001005003006";"UNIDADE DE CABEÇA E PESCOÇO/HBDF";"4";"0";"UCP/GMC/DAS/HBDF"
"01001001005003007";"UNIDADE DE CIRURGIA PEDIÁTRICA/HBDF";"4";"0";"UCIPED/GMC/DAS/HBDF"
"01001001005003008";"UNIDADE DE CIRURGIA TORÁCICA/HBDF";"4";"0";"UCT/GMC/DAS/HBDF"
"01001001005003009";"UNIDADE DE CIRURGIA ONCOLÓGICA/HBDF";"4";"0";"UCON/GMC/DAS/HBDF"
"01001001005003010";"UNIDADE DE GINECOLOGIA ONCOLÓGICA/HBDF";"4";"0";"UGON/GMC/DAS/HBDF"
"01001001005003011";"UNIDADE DE MASTOLOGIA/HBDF";"4";"0";"UMAST/GMC/DAS/HBDF"
"01001001005003012";"UNIDADE DE NEUROCIRURGIA/HBDF";"4";"0";"UOCB/GMC/DAS/HBDF"
"01001001005003013";"UNIDADE DE ODONTOLOGIA E CIRURGIA BUCO-MAXILO-FACIAL/HBDF";"4";"0";"UOCB/GMC/DAS/HBDF"
"01001001005003014";"UNIDADE DE OFTALMOLOGIA/HBDF";"4";"0";"UOF/GMC/DAS/HBDF"
"01001001005003015";"UNIDADE DE TRAUMATOLOGIA E ORTOPEDIA/HBDF";"4";"0";"UTO/GMC/DAS/HBDF"
"01001001005003016";"UNIDADE DE OTORRINOLARINGOLOGIA/HBDF";"4";"0";"UOTL/GMC/DAS/HBDF"
"01001001005003017";"UNIDADE DE PROCTOLOGIA/HBDF";"4";"0";"UPROCTO/GMC/DAS/HBDF"
"01001001005003018";"UNIDADE DE TERAPIA INTENSIVA ADULTO/HBDF";"4";"0";"UTI-ADU/GMC/DAS/HBDF"
"01001001005003019";"UNIDADE DE TERAPIA INTENSIVA INFANTIL/HBDF";"4";"0";"UTI-INF/GMC/DAS/HBDF"
"01001001005003020";"UNIDADE DE UROLOGIA/HBDF";"4";"0";"URO/GMC/DAS/HBDF"
"01001001005003021";"UNIDADE DE CENTRO CIRÚRGICO/HBDF";"4";"0";"UCCIR/GMC/DAS/HBDF"
"01001001005004";"GERÊNCIA DE APOIO DIAGNÓSTICO E TERAPÊUTICO/HBDF";"4";"0";"GADT/DAS/HBDF"
"01001001005004001";"NÚCLEO DE CITOPATOLOGIA E ANATOMIA PATOLÓGICA/HBDF";"4";"0";"NUCAP/GADT/DAS/HBDF"
"01001001005004002";"NÚCLEO DE HEMODINÂMICA/HBDF";"4";"0";"NHEMOD/GADT/DAS/HBDF"
"01001001005004003";"NÚCLEO DE PATOLOGIA CLÍNICA/HBDF";"4";"0";"NUPAC/GADT/DAS/HBDF"
"01001001005004004";"NÚCLEO DE RADIOLOGIA E IMAGENOLOGIA/HBDF";"4";"0";"NURI/GADT/DAS/HBDF"
"01001001005004005";"NÚCLEO DE RADIOTERAPIA/HBDF";"4";"0";"NURA/GADT/DAS/HBDF"
"01001001005004006";"NÚCLEO DE MEDICINA NUCLEAR/HBDF";"4";"0";"NMN/GADT/DAS/HBDF"
"01001001005005";"GERÊNCIA DE ASSISTENCIA MULTIDISCIPLINAR/HBDF";"4";"0";"GAM/DAS/HBDF"
"01001001005005001";"NÚCLEO DE PSICOLOGIA/HBDF";"4";"0";"NUPSI/GAM/DAS/HBDF"
"01001001005005002";"NÚCLEO DE NUTRIÇÃO E DIETÉTICA/HBDF";"4";"0";"NND/GAM/DAS/HBDF"
"01001001005005003";"NÚCLEO DE SERVIÇO SOCIAL/HBDF";"4";"0";"NSS/GAM/DAS/HBDF"
"01001001005005004";"NÚCLEO DE SAÚDE FUNCIONAL/HBDF";"4";"0";"NSF/GAM/DAS/HBDF"
"01001001005006";"GERÊNCIA DE ENFERMAGEM/HBDF";"4";"0";"GENF/DAS/HBDF"
"01001001005007";"GERÊNCIA DE EMERGÊNCIA/HBDF";"4";"0";"GEMERG/DAS/HBDF"
"01001001005008";"GERÊNCIA DE REGULAÇÃO, DOCUMENTAÇÃO E MOVIMENTAÇÃO DO USUÁRIO/HBDF";"4";"0";"GRDMU/DAS/HBDF"
"01001001005008001";"NÚCLEO DE AMBULATÓRIO/HBDF";"4";"0";"NAMB/GRDMU/DAS/HBDF"
"01001001005008002";"NÚCLEO DE GESTÃO DA INTERNAÇÃO/HBDF";"4";"0";"NGINT/GRDMU/DAS/HBDF"
"01001001005008003";"NÚCLEO DE MATRÍCULA, MARCAÇÃO DE CONSULTAS E PRONTUÁRIOS DE PACIENTES/HBDF";"4";"0";"NMMCPP/GRDMU/HBDF"
"01001001005008004";"NÚCLEO DE APOIO E REMOÇÃO DE PACIENTES/HBDF";"4";"0";"NARP/GRDMU/DAS/HBDF"
"01001001005008005";"NÚCLEO DE RECEPÇÃO DE EMERGÊNCIA/HBDF";"4";"0";"NUREM/GRDMU/DAS/HBDF"
"01001001005009";"GERÊNCIA DE ENSINO E PESQUISA/HBDF";"4";"0";"GEP/DAS/HBDF"
"01001001005009001";"NÚCLEO DE PESQUISA CLÍNICA E AVALIAÇÃO DE TECNOLOGIA EM SAÚDE/HBDF";"4";"0";"NPCATS/GEP/DAS/HBDF"
"01001001006";"DIRETORIA ADMINISTRATIVA/HBDF";"4";"0";"DA/HBDF"
"01001001006001";"GERÊNCIA DE PESSOAS/HBDF";"4";"0";"GP/DA/HBDF"
"01001001006001001";"NÚCLEO DE CADASTRO FUNCIONAL E FINANCEIRO/HBDF";"4";"0";"NUCAFF/GP/HBDF"
"01001001006001002";"NÚCLEO DE EDUCAÇÃO PERMANENTE EM SAÚDE/HBDF";"4";"0";"NEPS/GP/HBDF"
"01001001006001003";"NÚCLEO DE SEGURANÇA, HIGIENE E MEDICINA DO TRABALHO/HBDF";"4";"0";"NSHMT/GP/HBDF"
"01001001006001004";"NÚCLEO DE CONTROLE DE ESCALAS/HBDF";"4";"0";"NCE/GP/HBDF"
"01001001006002";"GERÊNCIA DE APOIO OPERACIONAL/HBDF";"4";"0";"GAO/DA/HBDF"
"01001001006002001";"NÚCLEO DE ENGENHARIA CLÍNICA E FÍSICA MÉDICA/HBDF";"4";"0";"NECFM/GAO/DA/HBDF"
"01001001006002002";"NÚCLEO DE TRANSPORTE/HBDF";"4";"0";"NUTRAN/GAO/DA/HBDF"
"01001001006002003";"NÚCLEO DE MATERIAL E PATRIMÔNIO/HBDF";"4";"0";"NMP/GAO/DA/HBDF"
"01001001006002004";"NÚCLEO DE CONTROLE E PRESTAÇÃO DE CONTAS/HBDF";"4";"0";"NCPC/GAO/DA/HBDF"
"01001001006002005";"NÚCLEO DE ATIVIDADES GERAIS E MANUTENÇÃO PREDIAL/HBDF";"4";"0";"NAGMP/GAO/DA/HBDF"
"01001001006002006";"NÚCLEO DE VIGILÂNCIA E PORTARIA/HBDF";"4";"0";"NVP/GAO/DA/HBDF"
"01001001006002007";"NÚCLEO DE HOTELARIA EM SAÚDE/HBDF";"4";"0";"NHS/GAO/DA/HBDF"
"01001001006002008";"NÚCLEO DE MATERIAL ESTERILIZADO/HBDF";"4";"0";"NME/GAO/DA/HBDF"
"01001001006003";"GERÊNCIA DE PLANEJAMENTO, CONTROLE E AVALIAÇÃO/HBDF";"4";"0";"GPCA/DA/HBDF"
"01001001006003001";"NÚCLEO DE ESTATÍSTICA/HBDF";"4";"0";"NUE/GPCA/DA/HBDF"
"01001001006003002";"NÚCLEO DE CAPTAÇÃO E ANÁLISE DE INFORMAÇÕES DO SUS/HBDF";"4";"0";"NCAIS/GPCA/DA/HBDF"
"01001001006003003";"NÚCLEO DE GESTÃO DE CUSTOS/HBDF";"4";"0";"NGC/GPCA/DA/HBDF"
"01001001006003004";"NÚCLEO DE PLANEJAMENTO, MONITORAMENTO E AVALIAÇÃO/HBDF";"4";"0";"NPMA/GPCA/DA/HBDF"
"01001001007";"DG";"4";"0";"DIRETORIA GERAL/HBDF"
"01001001008";"GRDMU/HBDF - Gerência de Registro, Documentação e Movimentação do Usuário";"4";"0";""
"01001001009";"Hospital Regional de Santa Maria - IGESDF";"4";"1";"HRSM - IGESDF"
"01001001010";"UPA do Núcleo Bandeirante - IGESDF";"4";"1";"UPA NB - IGESDF"
"01001001011";"UPA SÃO SEBASTIÃO - IGESDF";"4";"1";"UPA SS - IGESDF"
"01001001012";"UPA CEILÂNDIA - IGESDF";"4";"1";"UPA CEI. - IGESDF"
"01001001013";"UPA RECANTO DAS EMAS - IGESDF";"4";"1";"UPA RE - IGESDF"
"01001001014";"UPA de Sobradinho - IGESDF";"4";"1";"UPA SOB. - IGESDF"
"01001001015";"UPA DE SAMAMBAIA - IGESDF";"4";"1";"UPA SAM - IGESDF"
"01001001016";"Compliance - IGESDF";"4";"1";"Compliance - IGESDF"
"01001001017";"HBDF - Hospital de Base do Distrito Federal - IGESDF";"4";"1";"HBDF - IGESDF"
"01001002";"HOSPITAL MATERNO INFANTIL DE BRASÍLIA - HMIB";"4";"1";"HMIB"
"01001002001";"INSTITUTO DE SAÚDE MENTAL";"4";"0";"ISM"
"01001002002";"GERÊNCIA DE REGISTRO, DOCUMENTAÇÃO E MOVIMENTAÇÃO DO USUÁRIO";"4";"0";"GRDMU"
"01001002002001";"GERÊNCIA DE MATRÍCULA, MARCAÇÃO DE CONSULTAS E PRONTUÁRIO DE PACIENTES";"4";"0";"GMCP"
"01001002003";"GRDMU/HMIB - Gerência de Registro, Documentação e Movimentação do Usuário";"4";"0";""
"01001002004";"SRSCS - Candangolândia, Núcleo Bandeirante, Park Way e Riacho Fundo";"4";"0";""
"01001003";"HOSPITAL REGIONAL DA ASA NORTE - HRAN";"4";"1";"HRAN"
"01001003001";"GIR - HRAN - GERÊNCIA INTERNA DE REGULAÇÃO";"4";"0";"GIR/HRAN"
"01001003001001";"GERÊNCIA DE MATRÍCULA, MARCAÇÃO DE CONSULTAS E PRONTUÁRIOS DE PACIENTES";"4";"0";"GMCP"
"01001003002";"GRDMU/HRAN - Gerência de Registro, Documentação e Movimentação do Usuário";"4";"0";""
"01001004";"HOSPITAL REGIONAL DO GUARÁ - HRGu";"4";"1";"HRGU"
"01001004001";"GIR - HRGu - GERÊNCIA INTERNA DE REGULAÇÃO";"4";"0";"GIR/HRGu"
"01001004001001";"GERÊNCIA DE MATRÍCULA, MARCAÇÃO DE CONSULTAS E PRONTUÁRIOS DE PACIENTES";"4";"0";"GMCP"
"01001004002";"GRDMU/HRGu - Gerência de Registro, Documentação e Movimentação do Usuário";"4";"0";""
"01001005";"HOSPITAL REGIONAL DE SAMAMBAIA - HRSam";"4";"1";"HRSAM"
"01001005001";"GIR - HRSAM - GERÊNCIA INTERNA DE REGULAÇÃO";"4";"0";"GIR/HRSAM"
"01001005001001";"GERÊNCIA DE MATRÍCULA, MARCAÇÃO DE CONSULTAS E PRONTUÁRIOS DE PACIENTES";"4";"0";"GMCP"
"01001005002";"GAOESP - HRSAM - GERÊNCIA DE APOIO OPERACIONAL DAS UNIDADES DE ATENÇÃO ESPECIALIZADA EM SAMAMBAIA";"4";"0";"GAOESP/HRSAM"
"01001005003";"GSAP 01 - SAMAMBAIA - GERÊNCIA DE SERVIÇOS DE ATENÇÃO PRIMÁRIA 1 DE SAMAMBAIA";"4";"0";"GSAP 01/HRSAM"
"01001005004";"GSAP 02 - SAMAMBAIA - GERÊNCIA DE SERVIÇOS DE ATENÇÃO PRIMÁRIA 2 DE SAMAMBAIA";"4";"0";"GSAP02/SAMABAIA"
"01001005005";"GSAP 04 - SAMAMBAIA - GERÊNCIA DE SERVIÇOS DE ATENÇÃO PRIMÁRIA 4 DE SAMAMBAIA";"4";"0";"GSAP04/SAMAMBAIA"
"01001005006";"GSAP 07 - SAMAMBAIA - GERÊNCIA DE SERVIÇOS DE ATENÇÃO PRIMÁRIA 7 DE SAMAMBAIA";"4";"0";"GSAP07/SAMAMBAIA"
"01001005007";"CAPS III - SAMAMBAIA - CENTRO DE ATENÇÃO PSICOSSOCIAL";"4";"0";"CAPSIII/SAMAMBAIA"
"01001005008";"CAPS AD - SAMAMBAIA - CENTRO DE ATENÇÃO PSICOSSOCIAL ALCOOL E DROGAS";"4";"0";"CAPSAD/SAMAMBAIA"
"01001005009";"UPA - SAMAMBAIA - UNIDADE DE PRONTO ATENDIMENTO";"4";"0";"UPA/SAMAMBAIA"
"01001005010";"GSAP 05 - SAMAMBAIA - GERÊNCIA DE SERVIÇOS DE ATENÇÃO PRIMÁRIA 5 DE SAMAMBAIA";"4";"0";"GSAP5/SAMAMBAIA"
"01001005011";"GSAP 06 - SAMAMBAIA - GERÊNCIA DE SERVIÇOS DE ATENÇÃO PRIMÁRIA 6 DE SAMAMBAIA";"4";"0";"GSAP6/DIRAPS"
"01001005012";"GSAP 03 - SAMAMBAIA - GERÊNCIA DE SERVIÇOS DE ATENÇÃO PRIMÁRIA 3 DE SAMAMBAIA";"4";"0";"GSAP3/SAMAMBAIA"
"01001005013";"GSAP 02 - RECANTO DAS EMAS - GERÊNCIA DE SERVIÇOS DE ATENÇÃO PRIMÁRIA 2 DO RECANTO DAS EMAS";"4";"0";"GSAP02/REC"
"01001005014";"GSAP 03 - RECANTO DAS EMAS - GERÊNCIA DE SERVIÇOS DE ATENÇÃO PRIMÁRIA 3 DO RECANTO DAS EMAS";"4";"0";"GSAP03/REC"
"01001005015";"UPA - RECANTO DAS EMAS - UNIDADE DE PRONTO ATENDIMENTO";"4";"0";"UPA/RECANTODASEMAS"
"01001005016";"GSAP 08 - SAMAMBAIA - GERÊNCIA DE SERVIÇOS DE ATENÇÃO PRIMÁRIA 8 DE SAMAMBAIA";"4";"0";"GSAP08/HRSAM"
"01001005017";"GSAP 04 - RECANTO DAS EMAS - GERÊNCIA DE SERVIÇOS DE ATENÇÃO PRIMÁRIA 4 DO RECANTO DAS EMAS";"4";"0";"GSAP04/REC"
"01001005018";"GSAP 01 - RECANTO DAS EMAS - GERÊNCIA DE SERVIÇOS DE ATENÇÃO PRIMÁRIA 1 DO RECANTO DAS EMAS";"4";"0";"GSAP01/REC"
"01001005019";"GAMAD - HRSAM - GERÊNCIA DE ASSISTÊNCIA MULTIDISCIPLINAR E APOIO DIAGNÓSTICO";"4";"0";"GAMAD/HRSAM"
"01001005020";"CAPSi - RECANTO DAS EMAS - CENTRO DE ATENÇÃO PSICOSSOCIAL INFANTIL";"4";"0";"CAPSi/Recanto"
"01001005021";"GSAP 05 - RECANTO DAS EMAS - GERÊNCIA DE SERVIÇOS DE ATENÇÃO PRIMÁRIA 5 DO RECANTO DAS EMAS";"4";"0";"GSAP5/RECANTO"
"01001005022";"GRDMU/HRSAM - Gerência de Registro, Documentação e Movimentação do Usuário";"4";"0";""
"01001006";"HOSPITAL REGIONAL DE BRAZLÂNDIA - HRBz";"4";"1";"HRBz"
"01001006001";"HRBZ/GERÊNCIA DE REGISTRO, DOCUMENTAÇÃO, E MOVIMENTAÇÃO DO USUÁRIO";"4";"0";""
"01001006001001";"HRBZ/GERÊNCIA DE MATRÍCULA, MARCAÇÃO DE CONSULTAS E PRONTUÁRIOS DE PACIENTES";"4";"0";""
"01001006001002";"NMCP - HRBz - NÚCLEO DE MATRÍCULA, MARCAÇÃO DE CONSULTA E PRONTUÁRIO DO PACIENTE";"4";"0";"NMMCP/HRBz"
"01001006002";"DH - BRAZLÂNDIA - DIRETORIA DO HOSPITAL REGIONAL DE BRAZLÂNDIA";"4";"0";"DH/BRAZLÂNDIA"
"01001006003";"UGO - HRBz - Unidade de Ginecologia e Obstetrícia";"4";"0";"UGO/HRBz"
"01001006004";"UCC - HRBz - Unidade de Clínicas Cirúrgicas";"4";"0";"UCC/HRBz"
"01001006005";"GENF - HRBz - Gerência de Enfermagem";"4";"0";"GENF/HRBz"
"01001006006";"GSAP 01 - BRAZLÂNDIA - Gerência de Serviços de Atenção Primária nº 01 de Brazlândia";"4";"0";"GSAP1/Brazlândia"
"01001006007";"GSAP 02 - BRAZLÂNDIA - Gerência de Serviços de Atenção Primária nº 02 de Brazlândia";"4";"0";"GSAP2/BRAZLÂNDIA"
"01001006008";"GSAP 03 - BRAZLÂNDIA - Gerência de Serviços de Atenção Primária nº 03 de Brazlândia";"4";"0";"GSAP03/BRAZLÂNDIA"
"01001006009";"GAC - HRBz - Gerência de Assistência Clínica";"4";"0";"GAC/HRBz"
"01001007";"HOSPITAL REGIONAL DO GAMA - HRG";"4";"1";"HRG"
"01001007001";"GERÊNCIA DE REGISTRO, DOCUMENTAÇÃO, E MOVIMENTAÇÃO DO USUÁRIO";"4";"0";"GRDMU"
"01001007001001";"GERÊNCIA DE MATRÍCULA, MARCAÇÃO DE CONSULTAS E PRONTUÁRIOS DE PACIENTES";"4";"0";"GMCP"
"01001007002";"GIR - HRG - GERÊNCIA INTERNA DE REGULAÇÃO";"4";"0";""
"01001007003";"GR - SUL - GERÊNCIA DE REGULÇÃO";"4";"0";"GR/SUL"
"01001007004";"GAMAD - HRG - GERÊNCIA DE ASSISTÊNCIA MULTIDISCIPLINAR E APOIO DIAGNÓSTICO";"4";"0";"GAMAD/HRG"
"01001007005";"GENF - HRG - GERÊNCIA DE ENFERMAGEM";"4";"0";""
"01001007006";"UCLC - HRG - UNIDADE DE CLÍNICA CIRÚRGICA";"4";"0";""
"01001007007";"UGO - HRG - UNIDADE DE GINECOLOGIA E OBSTETRÍCIA";"4";"0";""
"01001007008";"UTO - HRG - UNIDADE DE TRAUMATOLOGIA E ORTOPEDIA";"4";"0";""
"01001007009";"UMEI - HRG - UNIDADE DE MEDICINA INTERNA";"4";"0";""
"01001007010";"UCARD - HRG - UNIDADE DE CARDIOLOGIA";"4";"0";""
"01001007011";"UPED - HRG - UNIDADE DE PEDIATRIA";"4";"0";""
"01001007012";"UNEO - HRG - UNIDADE DE NEONATOLOGIA";"4";"0";""
"01001007013";"UTP - HRG - UNIDADE DE TISIOLOGIA E PNEUMOLOGIA";"4";"0";""
"01001007014";"GEMERG - HRG - GERÊNCIA DE EMERGÊNCIA";"4";"0";""
"01001007015";"DH - HRG - DIRETORIA HOSPITALAR";"4";"0";""
"01001008";"HOSPITAL REGIONAL DA CEILÂNDIA - HRC";"4";"1";"HRC"
"01001008001";"HRC/GERÊNCIA DE REGISTRO, DOCUMENTAÇÃO, E MOVIMENTAÇÃO DO USUÁRIO";"4";"0";""
"01001008001001";"HRC/GERÊNCIA DE MATRÍCULA, MARCAÇÃO DE CONSULTAS E PRONTUÁRIOS DE PACIENTES";"4";"0";""
"01001008002";"GRDMU/HRC - Gerência de Registro, Documentação e Movimentação do Usuário";"4";"0";""
"01001009";"HOSPITAL REGIONAL DE PLANALTINA - HRPL";"4";"1";"HRPL"
"01001009001";"HRPL - GERÊNCIA DE REGISTRO, DOCUMENTAÇÃO, E MOVIMENTAÇÃO DO USUÁRIO";"4";"0";"GRDMU  - HRPL"
"01001009001001";"GERÊNCIA DE MATRÍCULA, MARCAÇÃO DE CONSULTAS E PRONTUÁRIOS DE PACIENTES";"4";"0";"GMCP"
"01001009001002";"NMCP - HRPL - NÚCLEO DE MATRÍCULA, MARCAÇÃO DE CONSULTAS E PRONTUÁRIO DE PACIENTES";"4";"0";"NMCP/HRPL"
"01001009001003";"NGINT - NÚCLEO DE GESTÃO DA INTERNAÇÃO/HRPl";"4";"0";""
"01001009002";"UTO - HRPL - UNIDADE DE TRAUMATOLOGIA E ORTOPEDIA";"4";"0";""
"01001009003";"DIRETORIA HOSPITALAR - HRPL";"4";"0";"DH/HRPL"
"01001009003001";"NGC - HRPL - NÚCLEO DE GESTÃO DE CUSTOS";"4";"0";"NGC/HRPL"
"01001009003002";"UNEO - HRPL - UNIDADE DE NEONATOLOGIA";"4";"0";"UNEO/HRPL"
"01001009004";"UGO - HRPL - UNIDADE DE GINECOLOGIA E OBSTETRÍCIA";"4";"0";""
"01001009005";"UCC - HRPL - UNIDADE DE CLÍNICAS CIRÚRGICAS";"4";"0";""
"01001009006";"GAO - HRPL - GERÊNCIA DE APOIO OPERACIONAL ESPECIALIZADA";"4";"0";"GAO/HRPL"
"01001009006001";"NTINF - HRPL - NÚCLEO DE TECNOLOGIA DA INFORMAÇÃO";"4";"0";""
"01001009007";"GAMAD - HRPL - GERÊNCIA DE ASSISTÊNCIA MULTIDISCIPLINAR E APOIO DIAGNÓSTICO";"4";"0";"GAMAD/HRPL"
"01001009007001";"NFC - HRPL - NÚCLEO DE FARMÁCIA CLÍNICA";"4";"0";""
"01001009007002";"NSS - HRPL - NÚCLEO DE SERVIÇO SOCIAL";"4";"0";""
"01001009008";"NGC - HRPL - NÚCLEO DE GESTÃO DE CUSTOS";"4";"0";""
"01001009009";"UNEO - HRPL - UNIDADE DE NEONATOLOGIA";"4";"0";""
"01001009010";"UPED - HRPL - UNIDADE DE PEDIATRIA";"4";"0";""
"01001009011";"UMEI - HRPL - UNIDADE DE MEDICINA INTERNA";"4";"0";""
"01001009012";"GENF - HRPL - GERÊNCIA DE ENFERMAGEM";"4";"0";"GENF/HRPL"
"01001009012001";"SUPERVISÃO DE ENFERMAGEM DO PRONTO SOCORRO - HRPL";"4";"0";""
"01001009012002";"SUPERVISÃO DE ENFERMAGEM DA MATERNIDADE - HRPL";"4";"0";""
"01001009012003";"SUPERVISÃO DE ENFERMAGEM DA INTERNAÇÃO - HRPL";"4";"0";""
"01001009012004";"SUPERVISÃO DE ENFERMAGEM DO CENTRO CIRÚRGICO - HRPL";"4";"0";""
"01001009012005";"SUPERVISÃO DE ENFERMAGEM DA UNEO - HRPL";"4";"0";"SEUNEO/HRPL"
"01001009012006";"SUPERVISÃO DE ENFERMAGEM DO CENTRO OBSTÉTRICO - HRPL";"4";"0";""
"01001009013";"GEMERG - HRPL - GERÊNCIA DE EMERGÊNCIA";"4";"0";"GEMERG/HRPL"
"01001009014";"DIRAPS - PLANALTINA - DIRETORIA REGIONAL DE ATENÇÃO PRIMÁRIA";"4";"0";"DIRAPS/PLANALTINA"
"01001009014001";"GSAP1 - PLANALTINA";"4";"0";""
"01001009014002";"GSAP2 - PLANALTINA";"4";"0";""
"01001009014003";"GSAP3 - PLANALTINA";"4";"0";""
"01001009014004";"GSAP4 - PLANALTINA";"4";"0";""
"01001009014005";"GSAP5 - PLANALTINA";"4";"0";""
"01001009014006";"GSAP6 - PLANALTINA";"4";"0";""
"01001009014007";"GSAP7 - PLANALTINA";"4";"0";""
"01001009014008";"GSAP Mestre D'armas - PLANALTINA";"4";"0";""
"01001009014009";"GSAP Arapoanga - PLANALTINA";"4";"0";""
"01001009014010";"GMCP - PLANALTINA - GERÊNCIA DE MATRÍCULA, MARCAÇÃO DE CONSULTAS E PRONTUÁRIOS DE PACIENTES";"4";"0";""
"01001010";"HOSPITAL REGIONAL DE TAGUATINGA - HRT";"4";"1";"HRT"
"01001010001";"GIR - HRT - GERÊNCIA INTERNA DE REGULAÇÃO";"4";"0";"GIR/HRT"
"01001010001001";"GR - SUDOESTE";"4";"0";"GMCP"
"01001010002";"DIRETORIA ADMINISTRATIVA/HRT";"4";"0";""
"01001010003";"DIRAPS - SUDOESTE - DIRETORIA REGIONAL DE ATENÇÃO PRIMÁRIA";"4";"0";"DIRAPS/SUDOESTE"
"01001010004";"UNIDADE DE CLÍNICAS CIRÚRGICAS/HRT";"4";"0";""
"01001010005";"GRDMU/HRT - Gerência de Registro, Documentação e Movimentação do Usuário";"4";"0";""
"01001011";"HOSPITAL REGIONAL DE SOBRADINHO - HRS";"4";"1";"HRS"
"01001011001";"GERÊNCIA DE SERVIÇOS DE ATENÇÃO PRIMÁRIA 4 SOBRADINHO";"4";"0";"GSAP 4 Sobradinho"
"01001011002";"DIRETORIA DE ATENÇÃO PRIMÁRIA DA REGIÃO NORTE";"4";"1";"DIRAPS SRSNO"
"01001011002001";"GERÊNCIA DE SERVIÇOS DE ATENÇÃO PRIMÁRIA 4 DE SOBRADINHO";"4";"0";"GSAP 04 SOBRADINHO"
"01001011002002";"GERÊNCIA DE SERVIÇOS DE ATENÇÃO PRIMÁRIA 1 DE SOBRADINHO";"4";"0";"GSAP 1 SOBRADINHO"
"01001011002003";"GERÊNCIA DE SERVIÇOS DE ATENÇÃO PRIMÁRIA 2 DE SOBRADINHO";"4";"0";"GSAP 2 SOBRADINHO"
"01001011002004";"GERÊNCIA DE SERVIÇOS DE ATENÇÃO PRIMÁRIA 3 DE SOBRADINHO";"4";"0";"GSAP 3 SOBRADINHO"
"01001011002005";"GERÊNCIA DE SERVIÇOS DE ATENÇÃO PRIMÁRIA 5 DE SOBRADINHO";"4";"1";"GSAP 5 SOBRADINHO"
"01001011002006";"GERÊNCIA DE SERVIÇOS DE ATENÇÃO PRIMÁRIA 6 DE SOBRADINHO";"4";"0";"GSAP 6 SOBRADINHO"
"01001011002007";"GERÊNCIA DE SERVIÇOS DE ATENÇÃO PRIMÁRIA 7 DE SOBRADINHO";"4";"0";"GSAP 7 SOBRADINHO"
"01001011002008";"GERÊNCIA DE MATRÍCULA, MARCAÇÃO DE CONSULTAS E PRONTUÁRIOS DE PACIENTES/SOBRADINHO";"4";"0";"GMCP"
"01001011002009";"GAMAD - HRS - GERÊNCIA DE ASSISTÊNCIA MULTIDISCIPLINAR E APOIO DIAGNÓSTICO";"4";"0";"GAMAD/HRS"
"01001011002009001";"NSS - NÚCLEO DE SERVIÇO SOCIAL - HRS";"4";"0";"NSS/HRS"
"01001011003";"DIRETORIA HOSPITALAR DE SOBRADINHO";"4";"1";"DH SOBRADINHO"
"01001011003001";"GERÊNCIA DE ORTOPEDIA DE SOBRADINHO";"4";"0";"UTO SOBRADINHO"
"01001011003002";"NÚCLEO DE RADIOLOGIA E IMAGENOLOGIA DE SOBRADINHO";"4";"0";"NURI/HRS"
"01001011003003";"NÚCLEO DE PATOLOGIA CLÍNICA/HRS";"4";"0";"NPAC/HRS"
"01001011003004";"UNIDADE DE MEDICINA INTERNA/HRS";"4";"0";"UCM/HRS"
"01001011003005";"NÚCLEO DE CAPACITAÇÃO E ANÁLISE DE INFORMAÇÕES DO SUS/HRS";"4";"0";"NCAIS/HRS"
"01001011003006";"NÚCLEO DE ODONTOLOGIA/HRS";"4";"0";"NOD/HRS"
"01001011003007";"UMEI-AMB - UNIDADE DE MEDICINA INTERNA - AMBULATÓRIO";"4";"0";"UMEI-AMB/HRS"
"01001011003008";"UTI - HRS - UNIDADE DE TERAPIA INTENSIVA ADULTO";"4";"0";"UTI/HRS"
"01001011003009";"UCLG - HRS - UNIDADE DE CLÍNICA CIRURGICA";"4";"0";"UCLG/HRS"
"01001011003010";"NCIRAS - HRS - NÚCLEO DE CONTROLE DE INFECÇÃO";"4";"0";"NCIRAS/HRS"
"01001011003011";"NCCO - HRS - NÚCLEO DE CENTRO CIRÚRGICO E OBSTÉTRICO";"4";"0";"NCCO/HRS"
"01001011003012";"NGI - HRS - NÚCLEO DE GESTÃO DA INTERNAÇÃO";"4";"0";"NGI/HRS"
"01001011003013";"NGPESP  HRS  - NÚCLEO DE GESTÃO DE PESSOAS ESPECIALIZADA";"4";"0";"NGPESP/HRS"
"01001011003014";"UPED - UNIDADE DE PEDIATRIA - HRS";"4";"0";"UPED/HRS"
"01001011003015";"UAMP - UNIDADE DE ANESTESIOLOGIA MEDICINA PEREOPERATÓRIA";"4";"0";"UAMP/HRS"
"01001011003016";"UNEO-MAT - HRS - UNIDADE DE NEONATOLOGIA E MATERNIDADE";"4";"0";"UNEO/MAT"
"01001011003017";"UGO - HRS - UNIDADE DE GINECOLOGIA E OBSTETRÍCIA";"4";"0";"UGO/HRS"
"01001011004";"SRSNO - SUPERINTENDÊNCIA REGIÃO NORTE";"4";"1";"SRSNO/SES"
"01001011004001";"UPA - SOBRADINHO - UNIDADE DE PRONTO ATENDIMENTO";"4";"0";"UPA/SOBRADINHO"
"01001011005";"GIR - HRS - GERÊNCIA INTERNA DE REGULAÇÃO";"4";"0";"GIR/HRS"
"01001011005001";"NÚCLEO DE MARCAÇÃO DE CONSULTA DE PACIENTE/HRS";"4";"0";"NMCP/HRS"
"01001011005002";"NGI - HRS - NÚCLEO DE GESTÃO DA INTERNAÇÃO";"4";"1";"NGI/HRS"
"01001011005003";"NUREM - NÚCLEO DE RECEPÇÃO DE EMERGÊNCIA - HRS";"4";"0";"NUREM/GRDMU/HRS"
"01001011006";"UNIDADE DE TRAUMATOLOGIA E ORTOPEDIA/HRS";"4";"0";"UTO SOBRADINHO"
"01001011007";"DIRETORIA ADMINISTRATIVA/HRS";"4";"1";"DA/HRS"
"01001011007001";"GAO - HRS - GERÊNCIA DE APOIO OPERACIONAL";"4";"0";"GAO/HRS"
"01001011007002";"GP - HRS - GERÊNCIA DE PESSOAS";"4";"0";"GP/DA/SRSN"
"01001011007003";"NHS - HRS - NÚCLEO DE HOTELARIA EM SAÚDE";"4";"0";"NHS/HRS"
"01001011007004";"GCPC - HRS - GERÊNCIA DE CONTROLE E PRESTAÇÃO DE CONTAS";"4";"0";"GCPC/DA/HRS"
"01001011008";"GAMAD - HRS - GERÊNCIA DE ASSISTÊNCIA MULTIDISCIPLINAR E APOIO DIAGNÓSTICO";"4";"0";"GAMAD/HRS"
"01001011008001";"NSS - HRS - NÚCLEO DE SERVIÇO SOCIAL";"4";"0";"NSS/HRS"
"01001011008002";"NSF - HRS - NÚCLEO DE SAÚDE FUNCIONAL";"4";"0";"NSF/HRS"
"01001011008003";"NDO - HRS - NÚCLEO DE ODONTOLOGIA";"4";"0";"NDO/HRS"
"01001011008004";"NND - HRS - NÚCLEO DE NUTRIÇÃO E DIETÉTICA";"4";"0";"NND/HRS"
"01001011008005";"NBLH - HRS - NÚCLEO DE BANCO DE LEITE HUMANO";"4";"0";"NBLH/HRS"
"01001011008006";"NFC - HRS - NÚCLEO DE FARMÁCIA CLÍNICA";"4";"0";"NFC/HRS"
"01001011008007";"NURI - HRS - NÚCLEO DE RADIOLOGIA E IMAGENOLOGIA";"4";"0";"NURI/HRS"
"01001011008008";"NUCAP - HRS - NÚCLEO DE CITOPATOLOGIA E ANATOMIA PATOLÓGICA";"4";"0";"NUCAP/HRS"
"01001011009";"NUPAC - HRS - NÚCLEO DE PATOLOGIA CLÍNICA";"4";"0";"NUPAC/HRS"
"01001011010";"UMEI - HRS - UNIDADE DE MEDICINA INTERNA";"4";"0";"UMEI/HRS"
"01001011011";"UMEI - AMB - HRS - UNIDADE DE MEDICINA INTERNA - AMBULATÓRIO";"4";"0";"UMEI/HRS"
"01001011012";"UTI - HRS - UNIDADE DE TERAPIA INTENSIVA";"4";"0";"UTI/HRS"
"01001011013";"NCCO - HRS - NÚCLEO DE CENTRO CIRÚRGICO E OBSTÉTRICO";"4";"0";"NCCO/HRS"
"01001011014";"UGO - HRS - UNIDADE DE GINECOLOGIA E OBSTETRÍCIA";"4";"0";"UGO/HRS"
"01001011015";"GSAD - HRS - GERÊNCIA DE SERVIÇO DE ATENÇÃO DOMICILIAR";"4";"0";"GSAD/HRS"
"01001011016";"GEMERG - HRS - GERÊNCIA DE EMERGÊNCIA";"4";"0";"GEMERG/HRS"
"01001011017";"UAM - HRS - UNIDADE DE ANESTESIOLOGIA E MEDICINA";"4";"0";"UAM/HRS"
"01001011018";"UCLG - HRS - UNIDADE DE CLÍNICA CIRÚRGICA";"4";"0";"UCLG/HRS"
"01001011019";"NGPESP - HRS - NÚCLEO DE GESTÃO DE PESSOAS DAS UNIDADES DE ATENÇÃO ESPECIALIZADA EM SAÚDE";"4";"0";"NGPESP/HRS"
"01001011020";"NCAIS - HRS - NÚCLEO DE CAPTAÇÃO E ANÁLISE DE INFORMAÇÕES DO SUS";"4";"0";"NCAIS/HRS"
"01001011021";"UTO - HRS - UNIDADE DE TRAUMATOLOGIA E ORTOPEDIA";"4";"0";"UTO/HRS"
"01001011022";"NCIH - HRS - NÚCLEO DE CONTROLE DE INFECÇÃO HOSPITLAR";"4";"0";"NCIH/HRS"
"01001011023";"UNEFRO - HRS - UNIDADE DE NEFROLOGIA";"4";"0";"UNEFRO/HRS"
"01001011024";"UNEO - HRS - UNIDADE DE NEONATOLOGIA";"4";"0";"UNEO/HRS"
"01001011025";"UPED - HRS - UNIDADE DE PEDIATRIA";"4";"1";"UPED/HRS"
"01001011026";"NCE - HRS - NÚCLEO DE CONTROLE DE ESCALAS";"4";"0";"NCE/HRS"
"01001011027";"NEPS - HRS - NÚCLEO DE EDUCAÇÃO PERMANENTE";"4";"0";"NEPS/HRS"
"01001011028";"SRSNO - HRS - SUPERINTENDÊNCIA DA REGIÃO DE SAÚDE NORTE";"4";"0";"SRSNO/SES"
"01001011028001";"NSHMT - SRSNO - NÚCLEO DE SEGURANÇA, HIGIENE E MEDICINA DO TRABALHO";"4";"0";"NSHMT/SRSNO"
"01001011028002";"UPA - SOBRADINHO - UNIDADE DE PRONTO ATENDIMENTO";"4";"0";"UPA/SOBRADINHO"
"01001011029";"GENF - HRS - GERÊNCIA DE ENFERMAGEM";"4";"0";"GENF/HRS"
"01001011029001";"SENF - UMEI - AMB - HRS - SUPERVISÃO DE ENFERMAGEM DA UMEI-AMB";"4";"0";"SENF/UMEI/HRS"
"01001011029002";"SENF - UCLG - HRS - SUPERVISÃO DE ENFERMAGEM DA UCLG";"4";"0";"SENF/UCLG/HRS"
"01001011029003";"SENF - UCOB - HRS - SUPERVISÃO DE ENFERMAGEM DO CENTRO OBSTÉTRICO";"4";"0";"SENF/UCOB/HRS"
"01001011029004";"SENF - NME - HRS - SUPERVISÃO DE ENFERMAGEM DO NÚCLEO DE MATERIAL ESTERILIZADO";"4";"0";"SENF/NMR/HRS"
"01001011029005";"SENF - UNEFRO - HRS - SUPERVISÃO DE ENFERMAGEM DA UNEFRO";"4";"0";"SENF/UNEFRO/HRS"
"01001011029006";"SENF - MATERNIDADE - HRS - SUPERVISÃO DE ENFERMAGEM DA MATERNIDADE";"4";"0";"SENF/MATERNIDADE/HRS"
"01001011029007";"SENF - UPED - HRS - SUPERVISÃO DE ENFERMAGEM DA PEDIATRIA";"4";"0";"SENF/UPED/HRS"
"01001011029008";"SENF - GEMERG - HRS - SUPERVISÃO DE ENFERMAGEM DA EMERGÊNCIA";"4";"0";"SENF/GEMERG/HRS"
"01001011029009";"SENF - UNEO - HRS - SUPERVISÃO DE ENFERMAGEM DA NEONATOLOGIA";"4";"0";"SENF/UNEO/HRS"
"01001011029010";"SENF - UTI - HRS - SUPERVISÃO DE ENFERMAGEM DA UTI";"4";"0";"SENF/UTI/HRS"
"01001011030";"NOD - HRS - NÚCLEO DE ODONTOLOGIA";"4";"0";"NOD/HRS"
"01001012";"HOSPITAL DA REGIÃO LESTE - HRL (PARANOÁ)";"4";"1";"HRL"
"01001012001";"GERÊNCIA DE REGISTRO, DOCUMENTAÇÃO, E MOVIMENTAÇÃO DO USUÁRIO";"4";"0";"GRDMU"
"01001012002";"GERÊNCIA DE MATRÍCULA, MARCAÇÃO DE CONSULTAS E PRONTUÁRIOS DE PACIENTES";"4";"0";"GMCP"
"01001012003";"GRDMU/HRL - Gerência de Registro, Documentação e Movimentação do Usuário";"4";"0";""
"01001013";"HOSPITAL REGIONAL DE SANTA MARIA - HRSM";"4";"0";"HRSM"
"01001013001";"HRSM/GERÊNCIA DE REGISTRO, DOCUMENTAÇÃO, E MOVIMENTAÇÃO DO USUÁRIO";"4";"0";""
"01001013001001";"HRSM/GERÊNCIA DE MATRÍCULA, MARCAÇÃO DE CONSULTAS E PRONTUÁRIOS DE PACIENTES";"4";"0";""
"01001013002";"UMEI - HRSM - UNIDADE DE MEDICINA INTERNA";"4";"0";"UMEI/HRSM"
"01001013003";"UTO - HRSM - UNIDADE DE TRAUMATOLOGIA E ORTOPEDIA";"4";"0";"UTO/HRSM"
"01001013004";"UCLC - HRSM - UNIDADE DE CLÍNICAS CIRÚRGICAS";"4";"0";"UCLC/HRSM"
"01001014";"CASA DE PARTO DE SÃO SEBASTIÃO - CPSS";"4";"0";"CPSS"
"01001014001";"GERÊNCIA DE REGISTRO, DOCUMENTAÇÃO, E MOVIMENTAÇÃO DO USUÁRIO";"4";"0";""
"01001014001001";"GERÊNCIA DE MATRÍCULA, MARCAÇÃO DE CONSULTAS E PRONTUÁRIOS DE PACIENTES";"4";"0";""
"01001015";"HOSPITAL SÃO VICENTE DE PAULO - HSVP";"4";"1";"HSVP"
"01001015001";"Diretoria de Atenção à Saúde/HSVP";"4";"0";"DAS/HSVP"
"01001016";"HOSPITAL DE APOIO DE BRASÍLIA - HAB";"4";"1";"HAB"
"01001017";"HOSPITAL DA CRIANÇA DE BRASÍLIA JOSÉ ALENCAR - HCB";"4";"1";"HCB"
"01001018";"DIRETORIA DE ASSISTÊNCIA FARMACÊUTICA - DIASF";"4";"1";"DIASF"
"01001019";"GCEAF - GERÊNCIA DO COMPONENTE ESPECIALIZADO DA ASSISTÊNCIA FARMACÊUTICA";"4";"1";"GECEAF"
"01001020";"GERA - GERÊNCIA DE REGULAÇÃO AMBULATORIAL";"4";"0";"GERA"
"01001021";"GERAC - GERÊNCIA DE REGULAÇÃO DE ALTA COMPLEXIDADE INTERESTADUAL";"4";"0";"GERAC"
"01001022";"GERIH - GERÊNCIA DE REGULAÇÃO DE INTERNAÇÃO HOSPITALAR";"4";"0";"GERIH"
"01001023";"SAIS - SUBSECRETARIA DE ATENÇÃO INTEGRAL À SAÚDE";"4";"1";"SAIS"
"01001023001";"COORDENAÇÃO DE REDES E INTEGRAÇÃO DE SERVIÇOS";"4";"0";"CORIS"
"01001023002";"COORDENAÇÃO DE ATENÇÃO PRIMÁRIA À SAÚDE";"4";"0";"COAPS"
"01001023003";"COORDENAÇÃO DE ATENÇÃO ESPECIALIZADA À SAÚDE";"4";"0";"CATES"
"01001023004";"DIRETORIA DE SAÚDE MENTAL";"4";"0";"DISAM"
"01001023005";"GERÊNCIA DE ATENÇÃO DOMICILIAR";"4";"0";"GEAD"
"01001023006";"GERÊNCIA DE PSICOLOGIA";"4";"0";"GEPSI"
"01001023007";"GERÊNCIA DE ODONTOLOGIA";"4";"0";"GEO"
"01001023008";"GERÊNCIA DE ASSISTÊNCIA INTENSIVA";"4";"0";"GEAI"
"01001023009";"DIRETORIA DE ASSISTÊNCIA ESPECIALIZADA";"4";"0";"DIASE"
"01001023010";"GERÊNCIA DE APOIO À ALTA COMPLEXIDADE";"4";"0";"GAAC"
"01001023011";"GERÊNCIA DE SAÚDE FUNCIONAL";"4";"0";"GESF"
"01001023012";"GERÊNCIA DE NUTRIÇÃO";"4";"0";"GENUT"
"01001023013";"GERÊNCIA DE POLÍTICAS HOSPITALARES";"4";"0";"GPH"
"01001023014";"CENTRAL DE NOTIFICAÇÃO E CAPTAÇÃO DE ÓRGÃOS";"4";"0";"CNCDO"
"01001023015";"GERÊNCIA DE ASSISTÊNCIA À SAÚDE DE POPULAÇÕES EM SITUAÇÃO VULNERÁVEL";"4";"0";"GASPV"
"01001023016";"DIRETORIA DE ÁREAS ESTRATÉGICAS DA ATENÇÃO PRIMÁRIA";"4";"0";"DAEAP"
"01001023017";"GERÊNCIA DE ATENÇÃO À SAÚDE NOS CICLOS DE VIDA";"4";"0";"GCV"
"01001023018";"GERÊNCIA DE SAÚDE DO SISTEMA PRISIONAL";"4";"0";"GESSP"
"01001023019";"COAPS - COORDENAÇÃO DE ATENÇÃO PRIMÁRIA À SAÚDE";"4";"0";"COAPS/SAIS"
"01001023019001";"GASPV - GERÊNCIA DE ASSISTÊNCIA À SAÚDE DE POPULAÇÕES EM SITUAÇÃO VULNERÁVEL";"4";"0";"GASPV"
"01001023019002";"DAEAP - DIRETORIA DE ÁREAS ESTRATÉGICAS DA ATENÇÃO PRIMÁRIA";"4";"0";"DAEAP/COAPS/SAIS"
"01001024";"SUAG - SUBSECRETARIA DE ADMINISTRAÇÃO GERAL";"4";"1";"SUAG"
"01001025";"SULIS - SUBSECRETARIA DE LOGÍSTICA E INFRAESTRUTURA EM SAÚDE";"4";"0";"SULIS"
"01001026";"CTINF - COORDENAÇÃO ESPECIAL DE TECNOLOGIA DE INFORMAÇÃO EM SAÚDE";"4";"1";"CTINF"
"01001027";"SUGEP - SUBSECRETARIA DE GESTÃO DE PESSOAS/SES";"4";"1";"SUGEP"
"01001027001";"DIAP - DIRETORIA DE ADMINISTRAÇÃO DE PROFISSIONAIS";"4";"0";"DIAP/SUGEP"
"01001027002";"DIPMAT - SUGEP - DIRETORIA DE PLANEJAMENTO, MONITORAMENTO E AVALIAÇÃO DO TRABALHO";"4";"0";"DIPMAT/SUGEP"
"01001028";"CORREGEDORIA DA SAÚDE";"4";"0";"COR"
"01001029";"SUBSECRETARIA DE VIGILANCIA";"4";"0";"DIVISA-SUSPENSA"
"01001029001";"NUCLEO DE INSPEÇÃO DE ÁGUAS CLARAS - SUSPENSA";"4";"0";"NIAC - SUSPENSA"
"01001029002";"NUCLEO DE INSPEÇÃO DE BRASÍLIA NORTE - SUSPENSA";"4";"0";"NIBN - SUSPENSA"
"01001029003";"NUCLEO DE INSPEÇÃO DE BRASÍLIA SUL - SUSPENSA";"4";"0";"NIBS - SUSPENSA"
"01001029004";"NUCLEO DE INSPEÇÃO DE BRAZLÂNDIA - SUSPENSA";"4";"0";"NIBZ - SUSPENSA"
"01001029005";"NUCLEO DE INSPEÇÃO DA CANDANGOLÂNDIA - SUSPENSA";"4";"0";"NICA - SUSPENSA"
"01001029006";"NUCLEO DE INSPEÇÃO DE CEILÂNDIA - SUSPENSA";"4";"0";"NICE - SUSPENSA"
"01001029007";"NUCLEO DE INSPEÇÃO DO CRUZEIRO - SUSPENSA";"4";"0";"NICZ - SUSPENSA"
"01001029008";"NUCLEO DE INSPEÇÃO DO GAMA - SUSPENSA";"4";"0";"NIGA - SUSPENSA"
"01001029009";"NUCLEO DE INSPEÇÃO DO GUARÁ - SUSPENSA";"4";"0";"NIGU - SUSPENSA"
"01001029010";"NUCLEO DE INSPEÇÃO DO LAGO NORTE - SUSPENSA";"4";"0";"NILN - SUSPENSA"
"01001029011";"NUCLEO DE INSPEÇÃO DO LAGO SUL - SUSPENSA";"4";"0";"NILS - SUSPENSA"
"01001029012";"NUCLEO DE INSPEÇÃO DO NÚCLEO BANDEIRANTE - SUSPENSA";"4";"0";"NINB - SUSPENSA"
"01001029013";"NUCLEO DE INSPEÇÃO DO PARANOÁ - SUSPENSA";"4";"0";"NIPA - SUSPENSA"
"01001029014";"NUCLEO DE INSPEÇÃO DE PLANALTINA - SUSPENSA";"4";"0";"NIPL - SUSPENSA"
"01001029015";"NUCLEO DE INSPEÇÃO DO RECANTO DAS EMAS - SUSPENSA";"4";"0";"NIRE - SUSPENSA"
"01001029016";"NUCLEO DE INSPEÇÃO DO RIACHO FUNDO - SUSPENSA";"4";"0";"NIRF - SUSPENSA"
"01001029017";"NUCLEO DE INSPEÇÃO DE SAMAMBAIA - SUSPENSA";"4";"0";"NISA - SUSPENSA"
"01001029018";"NUCLEO DE INSPEÇÃO DE SANTA MARIA - SUSPENSA";"4";"0";"NISM - SUSPENSA"
"01001029019";"NUCLEO DE INSPEÇÃO DE SÃO SEBASTIÃO - SUSPENSA";"4";"0";"NISSE - SUSPENSA"
"01001029020";"NUCLEO DE INSPEÇÃO DE SOBRADINHO - SUSPENSA";"4";"0";"NISO"
"01001029021";"NUCLEO DE INSPEÇÃO DE TAGUATINGA NORTE - SUSPENSA";"4";"0";"NITN - SUSPENSA"
"01001029022";"NUCLEO DE INSPEÇÃO DE TAGUATINGA SUL - SUSPENSA";"4";"0";"NITS - SUSPENSA"
"01001030";"DIVAL - DIRETORIA DE VIGILÂNCIA AMBIENTAL";"4";"0";"DIVAL"
"01001031";"DIVEP - DIRETORIA DE VIGILÂNCIA EPIDEMIOLÓGICA - SUSPENSA";"4";"0";"DIVEP/SVS - SUSPENSA"
"01001032";"FUNDO DE SAÚDE DO DISTRITO FEDERAL - FSDF";"4";"1";"FSDF"
"01001033";"SAMU - SERVIÇO DE ATENDIMENTO MÓVEL DE URGÊNCIA";"4";"0";"SAMU"
"01001034";"Superintendência da Região de Saúde Sudoeste - Recanto das Emas";"4";"0";""
"01001035";"DIVAL - DIRETORIA DE VIGILÂNCIA AMBIENTAL - SUSPENSA";"4";"0";"DIVAL - SUSPENSA"
"01001035001";"Diretoria de Vigilância Ambiental em Saúde - DIVAL/SVS";"4";"0";"DIVAL/SVS"
"01001035001001";"Gerência de Vigilância Ambiental de Zoonoses - GVAZ/DIVAL";"4";"0";"GVAZ/DIVAL"
"01001035001002";"Gerência de Vigilância Ambiental de Vetores e Animais Peçonhentos e Ações de Campo - GEVAC/DIVAL";"4";"0";"GEVAC/DIVAL"
"01001035001002001";"Núcleo Regional de Vigilância Ambiental em Saúde do Núcleo Bandeirante - NUVAL N.BAN/GEVAC";"4";"0";"NUVAL N.BAN/GEVAC"
"01001035001002002";"Núcleos Regionais de Vigilância Ambiental em Saúde de Brazlândia - NUVAL BRZ/GEVAC";"4";"0";"NUVAL BRZ/GEVAC"
"01001035001002003";"Núcleo Regional de Vigilância Ambiental em Saúde de Samambaia - NUVAL SAM/GEVAC";"4";"0";"NUVAL SAM/GEVAC"
"01001035001002004";"Núcleo Regional de Vigilância Ambiental em Saúde de Sobradinho - NUVAL SOB/GEVAC";"4";"0";"NUVAL SOB/GEVAC"
"01001035001002005";"Núcleo Regional de Vigilância Ambiental em Saúde do Recanto das Emas - NUVAL R.EMAS/GEVAC";"4";"0";"NUVAL R.EMAS/GEVAC"
"01001035001002006";"Núcleo Regional de Vigilância Ambiental em Saúde do Guará - NUVAL GUA/GEVAC";"4";"0";"NUVAL GUA/GEVAC"
"01001035001002007";"Núcleo Regional de Vigilância Ambiental em Saúde de Taguatinga - NUVAL TAG/GEVAC";"4";"0";"NUVAL TAG/GEVAC"
"01001035001002008";"Núcleo Regional de Vigilância Ambiental em Saúde de Planaltina - NUVAL PLA/GEVAC";"4";"0";"NUVAL PLA/GEVAC"
"01001035001002009";"Núcleo Regional de Vigilância Ambiental em Saúde da Asa Sul - NUVAL SUL/GEVAC";"4";"0";"NUVAL SUL/GEVAC"
"01001035001002010";"Núcleo Regional de Vigilância Ambiental em Saúde do Paranoá - NUVAL PAR/GEVAC";"4";"0";"NUVAL PAR/GEVAC"
"01001035001002011";"Núcleo Regional de Vigilância Ambiental em Saúde da Ceilândia - NUVAL CEI/GEVAC";"4";"0";"NUVAL CEI/GEVAC"
"01001035001002012";"Núcleo Regional de Vigilância Ambiental em Saúde da Asa Norte - NUVAL NORTE/GEVAC";"4";"0";"NUVAL NORTE/GEVAC"
"01001035001002013";"Núcleo Regional de Vigilância Ambiental em Saúde de Santa Maria - NUVAL S.MARIA/GEVAC";"4";"0";"NUVAL S.MARIA/GEVAC"
"01001035001002014";"Núcleo Regional de Vigilância Ambiental em Saúde De São Sebastião - NUVAL S.SEB/GEVAC";"4";"0";"NUVAL S.SEB/GEVAC"
"01001035001002015";"Núcleo Regional de Vigilância Ambiental em Saúde do Gama - NUVAL GAM/GEVAC";"4";"0";"NUVAL GAM/GEVAC"
"01001035001003";"Gerência de Vigilância Ambiental de Fatores não Biológicos - GVAFNB/DIVAL";"4";"0";"GVAFNB/DIVAL"
"01001035002";"NUVAL BRAZLÂNDIA - SUSPENSA";"4";"0";"NUVAL BRAZLÂNDIA -"
"01001035003";"NUVAL CEILÂNDIA - SUSPENSA";"4";"0";"NUVAL CEILÂNDIA"
"01001035004";"GVAZ -  - SUSPENSA";"4";"0";"GVAZ"
"01001035005";"NUVAL SAMAMBAIA  - SUSPENSA";"4";"0";"NUVAL SAMAMBAIA"
"01001035006";"NUVAL SOBRADINHO - SUSPENSA";"4";"0";"NUVAL SOBRADINHO"
"01001035007";"NUVAL NORTE - SUSPENSA";"4";"0";"NUVAL NORTE"
"01001035008";"NUVAL - RECANTO DAS EMAS - SUSPENSA";"4";"0";"NUVAL - RECANTO DAS"
"01001035009";"NUVAL GUARÁ - SUSPENSA";"4";"0";"NUVAL GUARÁ"
"01001035010";"NUVAL NÚCLEO BANDEIRANTE - SUSPENSA";"4";"0";"NUVAL NÚCLEO BANDEIR"
"01001035011";"NUVAL TAGUATINGA - SUSPENSA";"4";"0";"NUVAL TAGUATINGA"
"01001035012";"NUVAL GAMA - SUSPENSA";"4";"0";"NUVAL GAMA"
"01001035013";"NUVAL PLANALTINA - SUSPENSA";"4";"0";"NUVAL PLANALTINA"
"01001035014";"NUVAL SUL - SUSPENSA";"4";"0";"NUVAL SUL"
"01001035015";"NUVAL SÃO SEBASTIÃO - SUSPENSA";"4";"0";"NUVAL SÃO SEBASTIÃO"
"01001035016";"NUVAL SANTA MARIA - SUSPENSA";"4";"0";"NUVAL SANTA MARIA"
"01001035017";"NUVAL PARANOÁ - SUSPENSA";"4";"0";"NUVAL PARANOÁ"
"01001036";"GEPRO - GERÊNCIA DE PROGRAMAÇÃO DE INSUMOS PARA SAÚDE";"4";"0";"GEPRO/SULIS"
"01001037";"DIEC - DIRETORIA DE ENGENHARIA CLÍNICA";"4";"0";"DIEC/SULIS"
"01001039";"LACEN - LABORATÓRIO CENTRAL - SUSPENSA";"4";"0";"LACEN/SVS - SUSPENSA"
"01001040001";"NMCP/HRT - Núcleo de Marcação de Consultas de Pacientes";"4";"0";"NMCP/HRT"
"01001040002";"DIRAPS - SRSSO - DIRETORIA REGIONAL DE ATENÇÃO PRIMÁRIA À SAÚDE";"4";"0";"DIRAPS/SRSSO"
"01001041001";"GMCP/HRSAM - Gerência de Matrícula, Marcação de Consultas e Prontuário de Pacientes";"4";"0";""
"01001041002";"NMCP/HRSAM - Núcleo de Marcação de Consultas de Pacientes";"4";"0";""
"01001041003";"GAD/HRSAM - Gerência de Apoio Diagnóstico";"4";"0";""
"01001042001";"GAD/HRAN - Gerência de Apoio Diagnóstico";"4";"0";""
"01001042002";"GMCP/HRAN - Gerência de Matrícula, Marcação de Consultas e Prontuário de Pacientes";"4";"0";""
"01001042003";"NMCP/HRAN - Núcleo de Marcação de Consultas de Pacientes";"4";"0";""
"01001043";"SULOG - SUBSECRETARIA DE LOGÍSTICA";"4";"1";"SULOG/SES"
"01001043001";"DIPRO - Diretoria de Programação de Medicamentos e Insumos para a Saúde";"4";"0";"DIPRO/SULOG"
"01001043002";"DLOG - DIRETORIA DE LOGÍSTICA";"4";"0";"DLOG/SULOG"
"01001043003";"DIPOP - Diretoria de Programação de Órteses e Próteses";"4";"0";"DIPOP/SULOG"
"01001044";"SINFRA - SUBSECRETARIA DE INFRAESTRUTURA";"4";"1";"SUINFRA/SES"
"01001044001";"DIEC - SINFRA - DIRETORIA DE ENGENHARIA CLÍNICA";"4";"0";"DIEC/SINFRA"
"01001044002";"DIAU - SINFRA - DIRETORIA DE OBRAS E APOIO OPERACIONAL";"4";"0";"DOAOP/SINFRA"
"01001045";"NJUD - NÚCLEO DE JUDICIALIZAÇÃO";"4";"0";"NJUD/AJL"
"01001046001";"NGI - HRGu - Núcleo de Gestão da Internação";"4";"0";"NGI/HRGu"
"01001046002";"NARP - HRGu - Núcleo de Apoio e Remoção de Pacientes";"4";"0";"NARP/HRGu"
"01001046003";"NMMCPP - HRGu - Núcleo de Matrícula, Marcação de Consultas e Prontuário de Pacientes";"4";"0";"NMMCPP/HRGu"
"01001046004";"NUREM - HRGu - Núcleo de Recepção de Emergência";"4";"0";"NUREM/HRGu"
"01001051";"Unidade Setorial de Transparência e Controle Social - USTRAC";"4";"0";"USTRAC"
"01001052";"Recanto das Emas";"4";"0";""
"01001053";"Gerência de Triagem e Controle de Qualidade - GETRIC/SES";"4";"1";"GETRIC/SES"
"01001053001";"USCOR - Unidade Setorial de Correição Administrativa SES";"4";"1";"USCOR"
"01001054";"Centro de Referência em Saúde do Trabalhador - CEREST";"4";"0";"CEREST"
"01001055";"Complexo Regulador em Saúde - CRDF";"4";"1";"Complexo Regulador"
"01001056";"Complexo Regulador em Saúde - CRSDF";"4";"0";"Complexo Regulador"
"01001057";"USCOR - UNIDADE DE CORREIÇÃO ADMINISTRATIVA";"4";"0";"USCOR/CONT/SES"
"01001058";"Gerência de Acompanhamento de Ouvidorias";"4";"0";"GEACO/OUVIDORIA"
"01001059";"GEACO";"4";"0";"Geaco"
"01001060";"SUBSECRETARIA DE VIGILÂNCIA EM SAÚDE";"4";"1";"SVS"
"01001060001";"DIRETORIA DE SAÚDE DO TRABALHADOR";"4";"1";"DISAT"
"01001060002";"LABORATÓRIO CENTRAL";"4";"1";"LACEN/SVS"
"01001060003";"DIRETORIA DE VIGILÂNCIA EPIDEMIOLÓGICA";"4";"1";"DIVEP/SVS"
"01001060004";"DIRETORIA DE VIGILÂNCIA SANITÁRIA";"4";"1";"DIVISA"
"01001060004001";"NÚCLEO DE INSPEÇÃO DE ÁGUAS CLARAS";"4";"1";"NIAC"
"01001060004002";"NÚCLEO DE INSPEÇÃO BRASÍLIA NORTE";"4";"1";"NIBN"
"01001060004003";"NÚCLEO DE INSPEÇÃO BRASÍLIA SUL";"4";"1";"NIBS"
"01001060004004";"NÚCLEO DE INSPEÇÃO DE BRAZLÂNDIA";"4";"1";"NIBZ"
"01001060004005";"NÚCLEO DE INSPEÇÃO DA CANDANGOLÂNDIA";"4";"1";"NICA"
"01001060004006";"NÚCLEO DE INSPEÇÃO DE CEILÂNDIA";"4";"1";"NICE"
"01001060004007";"NÚCLEO DE INSPEÇÃO DO CRUZEIRO";"4";"1";"NICZ"
"01001060004008";"NÚCLEO DE INSPEÇÃO DO GAMA";"4";"1";"NIGA"
"01001060004009";"NÚCLEO DE INSPEÇÃO DO GUARÁ";"4";"1";"NIGU"
"01001060004010";"NÚCLEO DE INSPEÇÃO DO LAGO NORTE";"4";"1";"NILN"
"01001060004011";"NÚCLEO DE INSPEÇÃO DO LAGO SUL";"4";"1";"NILS"
"01001060004012";"NÚCLEO DE INSPEÇÃO DO NÚCLEO BANDEIRANTE";"4";"1";"NINB"
"01001060004013";"NÚCLEO DE INSPEÇÃO DO PARANOÁ";"4";"1";"NIPA"
"01001060004014";"NÚCLEO DE INSPEÇÃO DE PLANALTINA";"4";"1";"NIPL"
"01001060004015";"NÚCLEO DE INSPEÇÃO DO RECANTO DAS EMAS";"4";"1";"NIRE"
"01001060004016";"NÚCLEO DE INSPEÇÃO DO RIACHO FUNDO";"4";"1";"NIRF"
"01001060004017";"NÚCLEO DE INSPEÇÃO DE SAMAMBAIA";"4";"1";"NISA"
"01001060004018";"NÚCLEO DE INSPEÇÃO DE SANTA MARIA";"4";"1";"NISM"
"01001060004019";"NÚCLEO DE INSPEÇÃO DE SÃO SEBASTIÃO";"4";"1";"NISSE"
"01001060004020";"NÚCLEO DE INSPEÇÃO DE SOBRADINHO";"4";"1";"NISO"
"01001060004021";"NÚCLEO DE INSPEÇÃO DE TAGUATINGA NORTE";"4";"1";"NITN"
"01001060004022";"NÚCLEO DE INSPEÇÃO DE TAGUATINGA SUL";"4";"1";"NITS"
"01001060005";"DIRETORIA DE VIGILÂNCIA AMBIENTAL - DIVAL";"4";"1";"DIVAL"
"01001060005001";"NUVAL BRAZLÂNDIA";"4";"1";"NUVAL BRAZLÂNDIA"
"01001060005002";"NUVAL CEILÂNDIA";"4";"1";"NUVAL CEILÂNDIA"
"01001060005003";"GVAZ - GERÊNCIA DE VIGILÂNCIA AMBIENTAL E ZOONOSES";"4";"1";"GVAZ"
"01001060005004";"NUVAL SAMAMBAIA";"4";"1";"NUVAL SAMAMBAIA"
"01001060005005";"NUVAL SOBRADINHO";"4";"1";"NUVAL SOBRADINHO"
"01001060005006";"NUVAL NORTE (ASA NORTE)";"4";"1";"NUVAL NORTE"
"01001060005007";"NUVAL RECANTO DAS EMAS";"4";"1";"NUVAL RECANTO"
"01001060005008";"NUVAL GUARÁ";"4";"1";"NUVAL GUARÁ"
"01001060005009";"NUVAL NÚCLEO BANDEIRANTE";"4";"1";"NUVAL N.B."
"01001060005010";"NUVAL TAGUATINGA";"4";"1";"NUVAL TAGUATINGA"
"01001060005011";"NUVAL GAMA";"4";"1";"NUVAL GAMA"
"01001060005012";"NUVAL PLANALTINA";"4";"1";"NUVAL PLANALTINA"
"01001060005013";"NUVAL SUL (ASA SUL)";"4";"1";"NUVAL SUL (ASA SUL)"
"01001060005014";"NUVAL SÃO SEBASTIÃO";"4";"1";"NUVAL SÃO SEBASTIÃO"
"01001060005015";"NUVAL SANTA MARIA";"4";"1";"NUVAL SANTA MARIA"
"01001060005016";"NUVAL PARANOÁ";"4";"1";"NUVAL PARANOÁ"
"01001061";"SECRETARIA ADJUNTA DE ASSISTÊNCIA À SAÚDE - SAA";"4";"1";"SAA/SES"
"01005";"Central 162 - Controle de Qualidade";"2";"1";"CQ 162"
"01005001";"Central 162 - Atendimento (Call Center)";"2";"1";"162 atendimento"
"01007";"CGDF - Coordenação de Atendimento ao cidadão - COACI/OGDF";"1";"1";"CGDF/OGDF"
"01007001";"Subcontroladoria de Correição Administrativa - SUCOR / CGDF";"4";"1";"Sucor"
"01007001001";"Coordenação de Resolução Consensual de Conflitos-COSEN / SUCOR-CGDF";"4";"1";"COSEN"
"01007002";"Subcontroladoria de Transparência e Controle Social - SUTCS / CGDF";"4";"1";"Sutcs"
"01007003";"Assessoria de Relações Institucionais - ARIN";"4";"0";"ARIN"
"01007004";"Subcontroladoria de Controle Interno - SUBCI / CGDF";"4";"1";""
"01007004001";"COAPP-Coordenação de Auditoria de Ajustes Entes Público Privado";"4";"0";"COAPP"
"01007004001001";"DIACG-DIRETORIA DE AUDITORIA DE CONVÊNIO, TRANSPARÊNCIAS E CONTRATOS DE GESTÃO";"4";"0";"DIACG"
"01007004001002";"DIAPC-DIRETORIA DE AUDITORIA DE PARCERIAS E CONCESSÕES";"4";"0";"DIAPC"
"01007004002";"CONEX";"4";"0";"CONEX"
"01007004003";"COORDENAÇÃO DE AUDITORIA DE MODERNIZAÇÃO, GESTÃO E UNIDADES DE CONTROLE INTERNO - COMOG";"4";"0";"COMOG"
"01007004004";"COORDENAÇÃO DE AUDITORIA DE ATIVOS PATRIMONIAIS, FUNDOS E RECURSOS EXTERNOS";"4";"0";"CONEX"
"01007004005";"COLES-COORDENAÇÃO DE AUDITORIA DE LICITAÇÕES E CONTRATOS ESPECIALIZADOS";"4";"0";"COLES"
"01007004006";"DIAOS - DIRETORIA DE AUDITORIA DE CONTRATAÇÕES DE OBRAS, REFORMAS E SERVIÇOS DE ENGENHARIA";"4";"0";"DIAOS"
"01007004007";"DIATI-DIRETORIA DE AUDITORIA DE CONTRATAÇÕES DE BENS E SERVIÇOS DE TECNOLOGIA DA INFORMAÇÃO";"4";"0";"DIATI"
"01007004008";"COLIC-COORDENAÇÃO DE AUDITORIA DE LICITAÇÕES DE CONTRATOS DE AQUISIÇÕES E OUTROS SERVIÇOS";"4";"0";"COLIC"
"01007004008001";"DIASO-DIRETORIA DE AUDITORIA DE AQUISIÇÕES E OUTROS SERVIÇOS";"4";"0";"DIASO"
"01007004008002";"DINAC-DIRETORIA DE AUDITORIA DE SERVIÇOS DE NATUREZA CONTINUADA";"4";"0";"DIANC"
"01007004009";"COAPP-COORDENAÇÃO DE AUDITORIA DE AJUSTES ENTRE ENTES PÚBLICOS E PRIVADOS";"4";"0";"COAPP"
"01007004010";"COMOT-COORDENAÇÃO DE AUDITORIA DE MONITORAMENTO";"4";"0";"COMOT"
"01007004010001";"DIRAD-DIRETORIA DE AUDITORIA DE MONITORAMENTO DA ADMINISTRAÇÃO DIRETA";"4";"0";"DIRAD"
"01007004010002";"DIRIN-DIRETORIA DE AUDITORIA DE MONITORAMENTO DA ADMINISTRAÇÃO INDIRETA";"4";"0";"DIRIN"
"01007004011";"CONAP-COORDENAÇÃO DE AUDITORIA DE PESSOAL";"4";"0";"CONAP"
"01007004011001";"DIRFA-DIRETORIA DE AUDITORIA DA FOLHA DE PAGAMENTO E ADMISSÕES";"4";"0";"DIRFA"
"01007004011002";"DIAPE-DIRETORIA DE AUDITORIA DE PENSÕES";"4";"0";"DIAPE"
"01007004011003";"DIAPI-DIRETORIA DE AUDITORIA DE APOSENTADORIAS";"4";"0";"DIAPI"
"01007004012";"COAPG-COORDENAÇÃO DE AUDITORIA DE PRESTAÇÃO DE CONTAS DE GOVERNO";"4";"0";"COAPG"
"01007004012001";"DIGEF-DIRETORIA DE AUDITORIA DA GESTÃO FISCAL, AVAIS E HAVERES E FUNDO CONSTITUCIONAL";"4";"0";"DIGEF"
"01007004012002";"DIGOV-DIRETORIA  DE AUDITORIA DE CONTAS DE GOVERNO";"4";"0";"DIGOV"
"01007004013";"DIAPG-DIRETORIA DE AUDITORIA DOS PLANOS E PROGRAMAS DE GOVERNO";"4";"0";"DIAPG"
"01007004014";"COMRI-COORDENAÇÃO DE AUDITORIA DE GESTÃO DE RISCOS";"4";"0";"COMRI"
"01007004014001";"DIARI-DIRETORIA DE AUDITORIA DE AVALIAÇÃO DE RISCOS";"4";"0";"DIARI"
"01007004014002";"DIAGP-DIRETORIA DE AUDITORIA DE ANÁLISE DA GESTÃO PÚBLICA";"4";"0";"DIAGP"
"01007004015";"SUBCI Temporária";"4";"0";"SUBCI Temporária"
"01007004016";"COORDENAÇÃO DE INSPEÇÃO PRESTAÇÃO DE CONTAS DE GOVERNO / CGDF";"4";"1";"COIPG"
"01007004017";"COORDENAÇÃO DE INSPEÇÃO DE PESSOAL / CGDF";"4";"1";"CONIP"
"01007004018";"COLES - COORDENAÇÃO DE INSPEÇÃO DE LICITAÇÕES E CONTRATOS ESPECIALIZADOS / CGDF";"4";"1";"COLES"
"01007004018001";"DINCS - DIRETORIA DE INSPEÇÃO DE CONTRATAÇÕES E SERVIÇOS";"4";"1";"DINCS"
"01007004019";"COORDENAÇÃO DE INSPEÇÃO EM AJUSTES ENTRE ENTES PÚBLICOS E PRIVADOS / CGDF";"4";"1";"COAPP"
"01007004020";"COORDENAÇÃO DE AUDITORIA DE GESTÃO DE RISCOS / CGDF";"4";"1";"CORIS"
"01007004021";"COORDENAÇÃO DE AUDITORIA DE MONITORAMENTO DAS AÇÕES DE CONTROLE / CGDF";"4";"1";"COMOT"
"01007004022";"Coordenação de Auditoria de Gestão de Risco - CORIS / CGDF";"4";"1";"CORIS"
"01007005";"Subcontroladoria de Tecnologia e Informações Estratégicas - SUBTI / CGDF";"4";"1";"SUBTI/CGDF"
"01007006";"Subcontroladoria de Gestão Interna / CGDF";"4";"1";""
"01007007";"Comissão de Ética CGDF";"4";"1";"Comissão de Ética CG"
"01008";"DETRAN ERRO - Departamento de Trânsito do Distrito Federal";"3";"0";"DETRAN"
"01009";"Administração Águas Claras - RA XX";"3";"1";"Adm Águas Claras"
"01009001";"Colon - RA XX";"4";"0";"colon - RA XX"
"01009002";"COLOM - RAXX";"4";"1";"COLOM - RAXX"
"01009003";"DIART - RAXX";"4";"1";"DIART - RAXX"
"01009004";"DIALIC - RAXX";"4";"1";"DIALIC - RAXX"
"01009005";"GELOAE - RAXX";"4";"0";"GELOAE"
"01009006";"GEAP - RAXX";"4";"1";"GEAP"
"01009007";"DIDOT - RAXX";"4";"1";"DIDOT - RAXX"
"01010";"Administração Brazlândia - RA IV";"3";"1";"Adm Brazlândia"
"01011";"Administração Candangolândia - RA XIX";"3";"1";"Adm Candangolândia"
"01012";"Administração Ceilândia - RA IX";"3";"1";"Adm Ceilândia"
"01013";"Administração Cruzeiro - RA XI";"3";"1";"Adm Cruzeiro"
"01014";"Administração Fercal - RA XXXI";"3";"1";"Adm Fercal"
"01015";"Administração Gama - RA II";"3";"1";"Adm Gama"
"01016";"Administração Guará - RA X";"3";"1";"Adm Guará"
"01017";"Administração Itapoã - RA XXVIII";"3";"1";"Adm Itapoã"
"01018";"Administração Jardim Botânico - RA XXVII";"3";"1";"Adm Jardim Botânico"
"01019";"Administração Lago Norte - RA-XVIII";"3";"1";"Adm Lago Norte"
"01019001";"COLOM - Coordenação de Licenciamento Obras e Manutenção - RA-XVIII";"4";"0";"COLOM - RA-XVIII"
"01020";"Administração Lago Sul - RA XVI";"3";"1";"Adm Lago Sul"
"01021";"Administração Núcleo Bandeirante - RA VIII";"3";"1";"Adm Núcleo Band"
"01022";"Administração Paranoá - RA VII";"3";"1";"Adm Paranoá"
"01023";"Administração Park Way - RA XXIV";"3";"1";"Adm Park Way"
"01024";"Administração Planaltina - RA VI";"3";"1";"Adm Planaltina"
"01025";"Administração Plano Piloto - RA I";"3";"1";"Adm Plano Piloto"
"01026";"Administração Recanto das Emas - RA XV";"3";"1";"Adm Recanto das Emas"
"01027";"Administração Riacho Fundo I - RA XVII";"3";"1";"Adm Riacho Fundo I"
"01027001";"Diretoria de Obras - DIROB RAXVII";"4";"0";"DO"
"01027002";"Gabinete - GAB";"4";"0";"Gabinete"
"01027003";"Assessoria Técnica - ASTEC";"4";"0";"ASTEC - RAXII"
"01027004";"ASSESSORIA DE COMUNICAÇÃO - ASCOM";"4";"0";"ASCOM"
"01027005";"Diretoria de Articulação - DIART";"4";"0";"DIART"
"01028";"Administração Riacho Fundo II - RA XXI";"3";"1";"Adm Riacho Fundo II"
"01029";"Administração S.C.I.A / Estrutural - RA XXV";"3";"1";"Adm Estrutural"
"01029001";"Diretoria de Aprovação e Licenciamento - RA XXV";"4";"1";"Diretoria de Aprovaç"
"01029002";"Gabinete do Administrador- RA XXV";"4";"1";"Gabinete- RA XXV"
"01029003";"Chefia de Gabinete- RA XXV";"4";"1";"Chefia de Gabinete"
"01029004";"Diretoria de Obras- RA XXV";"4";"1";"DIROB"
"01029005";"Assessoria de Comunicação- RA XXV";"4";"1";"ASCOM"
"01029006";"Coordenadoria de Licenciamento de Obras e Manutenção- RA XXV";"4";"1";"COLOM"
"01029007";"Protocolo RA-XXV";"4";"1";""
"01029008";"Coordenação de Desenvolvimento/ RAXXV";"4";"1";"CODES/RAXXV"
"01030";"Administração S.I.A - RA XXIX";"3";"1";"Adm S.I.A"
"01031";"Administração Samambaia - RA XII";"3";"1";"Adm Samambaia"
"01031001";"h";"4";"0";"h"
"01031002";"o";"4";"0";"o"
"01032";"Administração Santa Maria - RA XIII";"3";"1";"Adm Santa Maria"
"01033";"Administração São Sebastião - RA XIV";"3";"1";"Adm São Sebastião"
"01034";"Administração Sobradinho - RA V";"3";"1";"Adm Sobradinho"
"01034001";"COORDENAÇÃO DE LICENCIAMENTO OBRAS E MANUTENÇÃO - RA V";"4";"1";"COLOM"
"01034002";"DIRETORIA DE APROVAÇÃO E LICENCIAMENTO";"4";"1";"DIALIC"
"01034003";"COORDENAÇÃO DE ADMINISTRAÇÃO GERAL";"4";"1";"COAG"
"01034004";"GAB";"4";"1";"GABINETE"
"01035";"Administração Sobradinho II - RA XXVI";"3";"1";"Adm Sobradinho II"
"01036";"Administração Sudoeste / Octogonal - RA XXII";"3";"1";"Adm Sudoeste/Octog"
"01037";"Administração Taguatinga - RA III";"3";"1";"Adm Taguatinga"
"01038";"Administração Varjão - RA XXIII";"3";"1";"Adm Varjão"
"01038001";"COEX - Coordenadoria Executiva/ RA XXIII";"4";"0";""
"01038002";"DIROB - Diretoria de Obras/ RA XXIII";"4";"0";""
"01038003";"DIALIC - Diretoria de Aprovação e Licenciamento/ RAXXIII";"4";"0";""
"01038004";"GABINETE/ RA XXIII";"4";"0";""
"01039";"Administração Vicente Pires - RA XXX";"3";"1";"Adm Vicente Pires"
"01040";"DFLEGAL - Secretaria de Estado de Proteção da Ordem Urbanística do Distrito Federal";"3";"1";"DFLEGAL"
"01040001";"Equipe de Trabalho DFLEGAL";"4";"1";"Equipe de Trabalho"
"01041";"ADASA - Agência Reguladora de Águas, Energia e Saneamento";"3";"1";"ADASA"
"01041001";"SAE - Superintendência de Abastecimento de Água e Esgoto/ADASA";"4";"1";"SAE/ADASA"
"01041002";"OUV - Ouvidoria/ADASA";"4";"1";"OUV/ADASA"
"01041003";"SRS - Superintendência de Resíduos Sólidos e Gás/ADASA";"4";"1";"SRS/ADASA"
"01041004";"SDU - Superintendência de Drenagem Urbana/ADASA";"4";"1";"SDU/ADASA"
"01041005";"SRH - Superintendência de Recursos Hídricos/ADASA";"4";"1";"SRH/ADASA"
"01042";"ArPDF - Arquivo Público do Distrito Federal";"3";"1";"ArPDF"
"01043";"BRB - Banco de Brasília S/A";"3";"1";"BRB"
"01043001";"Denúncias BRB";"4";"1";"Denúncias BRB"
"01044";"Casa Militar";"3";"1";"Casa Militar"
"01045";"CEASA - Centrais de Abastecimento do Distrito Federal";"3";"1";"CEASA"
"01046";"CODHAB - Companhia de Desenvolvimento Habitacional do Distrito Federal";"3";"1";"CODHAB"
"01046001";"Diretoria Imobiliária";"4";"1";"DIMOB"
"01046002";"Diretoria de Regularização e Interesse Social";"4";"1";"DIREG"
"01047";"CODEPLAN - Companhia de Planejamento do Distrito Federal";"3";"1";"CODEPLAN"
"01048";"CAESB - Companhia de Saneamento do Distrito Federal";"3";"1";"CAESB"
"01049";"METRÔ - Companhia do Metropolitano do Distrito Federal";"3";"1";"METRÔ"
"01050";"CEB - Companhia Energética de Brasília";"3";"1";"CEB"
"01050001";"CEB - Iluminação Pública";"4";"0";"CEB - IP"
"01050002";"CEB Distribuição S/A";"4";"0";"CEB - Distribuição"
"01051";"TERRACAP - Companhia Imobiliária de Brasília";"3";"1";"TERRACAP"
"01052";"NOVACAP - Companhia Urbanizadora da Nova Capital do Brasil";"3";"1";"NOVACAP"
"01052001";"DPJ-Departamento de Parques e Jardins";"4";"1";"DPJ/DU"
"01052002";"DEINFRA-Departamento de Infraestrutura Urbana";"4";"1";"DEINFRA/DU"
"01052003";"DEINFRA";"4";"1";"DEINFRA"
"01052004";"SEMARB/DPJ";"4";"1";"SEMARB"
"01053";"CBMDF - Corpo de Bombeiros Militar do Distrito Federal";"3";"1";"CBMDF"
"01053001";"GABOUVID-Gabinete do Ouvidor/CBMDF";"4";"1";"OUVID/CBMDF"
"01053002";"NHGAM-Box Na Hora Gama/CBMDF";"4";"1";"NHGAM/OUVID/CBMDF"
"01053003";"NHBSB-Box Na Hora Rodoviária/CBMDF";"4";"1";"NHBSB/OUVID/CBMDF"
"01053004";"NHCEI-Box Na Hora Ceilândia/CBMDF";"4";"1";"NHBSB/OUVID/CBMDF"
"01053005";"NHTAG-Box Na Hora Taguatinga/CBMDF";"4";"1";"NHTAG/OUVID/CBMDF"
"01054";"DPDF - Defensoria Pública do Distrito Federal";"3";"1";"DPDF"
"01055";"DER - Departamento de Estradas de Rodagem";"3";"1";"DER"
"01055001";"SUPERINTENDÊNCIA DE OPERAÇÕES / SUOPER-DER";"4";"1";""
"01055001001";"Diretoria de Produção Industria - DIPIN / DER";"4";"1";""
"01055001002";"Diretoria de Manutenção de Materiais - DEMAT / DER";"4";"1";""
"01055001003";"Diretoria de Faixas de Domínio - DIDOM / DER";"4";"1";""
"01055002";"SUPERINTENDÊNCIA DE OBRAS / SUOBRA-DER";"4";"1";""
"01055002001";"4º Distrito Rodoviário DER";"4";"1";"4° DR"
"01055002002";"3º Distrito Rodoviário DER";"4";"1";"3º Distrito Rodoviár"
"01055002003";"2º Distrito Rodoviário DER";"4";"1";"2º Distrito Rodoviár"
"01055002004";"1° Distrito Rodoviário DER";"4";"1";""
"01055002005";"5º Distrito Rodoviário DER";"4";"1";""
"01055003";"SUPERINTENDÊNCIA TÉCNICA / SUTEC-DER";"4";"1";""
"01055003001";"Diretoria de Estudos e Projetos - DIREP / DER";"4";"1";"DIREP"
"01055003002";"Diretoria de Tecnologia - DITEC / DER";"4";"1";"DITEC"
"01055003003";"Diretoria de Meio Ambiente - DIMAM / DER";"4";"1";"DIMAM"
"01055003004";"Diretoria de Estruturas - DIEST";"4";"1";"DIEST"
"01055003005";"Diretoria de Estruturas - DIORC";"4";"1";"DIORC"
"01055004";"SUPERINTENDÊNCIA DE TRÂNSITO / SUTRAN-DER";"4";"1";""
"01055004001";"Diretoria de Tráfego - DITRA/DER";"4";"1";""
"01055004001001";"Gerência de Engenharia e Segurança Viária - GESEV/DER";"4";"1";"GESEV - DER"
"01055004001002";"Gerência de Projetos de Engenharia de Tráfego - GEPET/DER";"4";"1";"GEPET/DER"
"01055004001003";"Gerência de Análise de Pólo Gerador de Trânsito - GEAPO/DER";"4";"1";"GEAPO/DER"
"01055004001004";"Gerência de Estudos de Adequação Viária - GEAVI/DER";"4";"1";"GEAVI/DER"
"01055004001005";"Gerência de Estudos e Estatística de Tráfego - GESET/DER";"4";"1";"GESET/DER"
"01055004001005001";"Núcleo de Pesquisa e Coleta de Dados - NUPCD/DER";"4";"1";"NUPCD/DER"
"01055004002";"Gerência de Engenharia e Segurança Viária (GESEV) - DER";"4";"0";""
"01055004003";"Gerência de Projetos de Engenharia de Tráfego - GEPET/DER";"4";"0";""
"01055004004";"Gerência de Análise de Pólo Gerador de Trânsito (GEAPO) - DER";"4";"0";""
"01055004005";"Gerência de Estudos de Adequação Viária (GEAVI) - DER";"4";"0";""
"01055004006";"Gerência de Estudos e Estatística de Tráfego (GESET) - DER";"4";"0";""
"01055004007";"Núcleo de Pesquisa e Coleta de Dados (NUPCD) - DER";"4";"0";""
"01055004008";"Diretoria de Fiscalização de Trânsito - DIFIS/DER";"4";"1";""
"01055004008001";"Núcleo de Análise e Defesa Prévia - NUADP/DER";"4";"1";"NUADP/DER"
"01055004008002";"Gerência de Análise e Autorização Especial de Trânsito - GAAET/DER";"4";"1";"GAAET/DER"
"01055004008003";"Gerência de Infrações e Penalidades - GEIPE/DER";"4";"1";"GEIPE/DER"
"01055004008003001";"Comissão Permanente de Atendimento a Decisões Judiciais e Ouvidoria - CAJOUV/DER";"4";"1";"CAJOUV/DER"
"01055004008003002";"Núcleo de Instrução e Acompanhamento de Processos - NUIAP/DER";"4";"1";"NUIAP/DER"
"01055004008004";"Gerência de Controle Operacional - GECOP/DER";"4";"1";"GECOP/DER"
"01055004008004001";"Núcleo Administrativo - NUADM/DER";"4";"1";"NUADM/DER"
"01055004008004002";"Núcleo de Programação e Demandas - NUPRO/DER";"4";"1";"NUPRO/DER"
"01055004008004003";"Núcleo de Operações de Trânsito - NUOPT/DER";"4";"1";"NUOPT/DER"
"01055004009";"Núcleo de Análise e Defesa Prévia (NUADP) - DER";"4";"0";""
"01055004010";"Gerência de Análise e Autorização Especial de Trânsito (GAAET) - DER";"4";"0";""
"01055004011";"Gerência de Infrações e Penalidades (GEIPE) - DER";"4";"0";""
"01055004012";"Comissão Permanente de Atendimento a Decisões Judiciais e Ouvidoria (CAJOUV) - DER";"4";"0";""
"01055004013";"Núcleo de Instrução e Acompanhamento de Processos (NUIAP) - DER";"4";"0";""
"01055004014";"Gerência de Controle Operacional (GECOP) - DER";"4";"0";""
"01055004015";"Núcleo Administrativo (NUADM) - DER";"4";"0";""
"01055004016";"Núcleo de Programação e Demandas (NUPRO) - DER";"4";"0";""
"01055004017";"Núcleo de Operações de Trânsito (NUOPT) - DER";"4";"0";""
"01055004018";"Diretoria de Educação de Trânsito - DIEDU/DER";"4";"1";"DIEDU/DER"
"01055005";"SUPERINTENDÊNCIA FINANCEIRA / SUAFIN-DER";"4";"1";"SUAFIN-DER"
"01055005001";"Diretoria de Contratos e Convênios - DICOC/DER";"4";"1";"DICOC/DER"
"01055005002";"Diretoria de Materiais e Serviços - DMASE/DER";"4";"1";"DMASE/DER"
"01055005003";"Diretoria de Gestão de Pessoas - DIGEP/DER";"4";"1";"DIGEP/DER"
"01055005004";"Diretoria de Orçamento , Finanças e Contabilidade - DIOFI/DER";"4";"1";"DIOFI/DER"
"01055006";"COORDENAÇÃO DE PLANEJAMENTO - COPLAN/DER";"4";"1";"COPLAN/DER"
"01055006001";"Gerente de Planejamento e Acompanhamento - GEPAC/DER";"4";"1";"GEPAC/DER"
"01055006001001";"Chefe do Núcleo de Modernização Administrativa - NUMAD/DER";"4";"1";"NUMAD/DER"
"01055006002";"Chefe do Núcleo de Modernização Administrativa - NUMAD/DER";"4";"0";"NUMAD/DER"
"01055006003";"Gerente de Geoprocessamento  - GEGEO/DF";"4";"1";"GEGEO/DF"
"01055007";"COORDENAÇÃO DE INFORMÁTICA - CTINF/DER";"4";"1";"CTINF/DER"
"01055008";"PROCURADORIA JURÍDICA - PROJUR/DER";"4";"1";"PROJUR/DER"
"01055009";"CORREGEDORIA - DER";"4";"1";"CORREGEDORIA - DER"
"01055010";"CHEFIA DE GABINETE - DER";"4";"1";""
"01055011";"Corregedoria";"4";"0";"Corregedoria"
"01055012";"JARI / DER";"4";"1";"JARI /DER"
"01056";"DETRAN - Departamento de Trânsito";"3";"1";"DETRAN"
"01056001";"GEREN - Gerência de Engenharia";"4";"0";"GEREN"
"01056001001";"NUSPA - Núcleo de Segurança e Prevenção de Acidente";"4";"0";"NUSPA"
"01056001002";"NUPRO- Núcleo de Estudo e Elaboração de Projeto";"4";"0";"NUPRO"
"01056001003";"ASV I- Área de Sinalização Viária I";"4";"0";"ASV I"
"01056001004";"ASV II- Área de Sinalização Viária II";"4";"0";"ASV II"
"01056001005";"ASV III- Área de Sinalização Viária III";"4";"0";"ASV III"
"01056001006";"ASV IV- Área de Sinalização Viária IV";"4";"0";"ASV IV"
"01056001007";"ASV V- Área de Sinalização Viária V";"4";"0";"ASV V"
"01056001008";"NUEST- Núcleo de Sinalização Estratigráfica";"4";"0";"NUEST"
"01056002";"CGATE - Coordenadoria Geral de Atendimento ao Usuário";"4";"1";"CGATE"
"01056003";"GERPEN - Gerência de Registro e Controle de Penalidade";"4";"1";"GERPEN"
"01056004";"SEJARI - Secretaria Executiva das Juntas de Recursos de Infrações";"4";"1";"SEJARI"
"01056005";"NUPES - Núcleo de Desenvolvimento de Pessoal";"4";"1";"NUPES"
"01056006";"GERTRAN V - Gerência Regional de Trânsito do Gama";"4";"1";"GERTRAN V"
"01056007";"GERSA - Gerência de Saúde";"4";"1";""
"01056008";"NUSEG - Núcleo de Serviços Gerais";"4";"1";"NUSEG"
"01056009";"Ouvidoria-Expediente";"4";"1";"OUV - Expediente"
"01056010";"RENACH - Registro Nacional de Condutores Habilitados";"4";"1";"RENACH"
"01056011";"GERPES - GERÊNCIA DE GESTÃO DE PESSOAS";"4";"1";"GERPES"
"01056012";"NURED - Núcleo de Registro e Expedição de Documento de Condutor";"4";"1";"NURED"
"01056013";"GERTRAN VI - Gerência Regional de Trânsito de Sobradinho";"4";"1";"GERTRAN VI"
"01056014";"GERHAB - Gerência de Habilitação e Controle de Condutores";"4";"1";"GERHAB"
"01056015";"NUHAB I - Núcleo de Atendimento de Habilitação - Brasília";"4";"1";"NUHAB I"
"01056016";"GERFAD - Gerência de Fiscalização Administrativa - DETRAN";"4";"1";"GERFAD"
"01056017";"DIRCONV - Diretoria de Controle de Veículos e Condutores";"4";"1";"DIRCONV"
"01056017001";"Desativado - RENAVAM";"4";"0";"RENAVAM - Desativado"
"01056017002";"Desativado - GERFAD";"4";"0";"GERFAD - Desativado"
"01056017003";"Desativado - RENACH - Registro Nacional de Condutores Habilitados";"4";"0";"Desativado - RENACH"
"01056017004";"Desativado - RENAINF - Registro Nacional de Infrações";"4";"0";"Desativado - RENAINF"
"01056017005";"CGATE - Coordenadoria Geral de Atendimento ao Usuário";"4";"0";"CGATE"
"01056017005001";"Central 154";"4";"0";"Central 154"
"01056017005002";"GERTRAN I - Gerência Regional de Trânsito de Brasília";"4";"0";"GERTRAN I"
"01056017005002001";"NUPET - Núcleo de Programa Educativo de Trânsito";"4";"0";"NUPET / NUCET"
"01056017005002002";"Desativado - NUVEI I - Núcleo de Atendimento de Veículo de Brasília";"4";"0";"Desativado - NUVEI I"
"01056017005003";"Desativado - GERTRAN II - Gerência Regional de Trânsito de Taguatinga";"4";"0";"Desativ GERTRAN II"
"01056017005003001";"Desativado - GERTRAN II - Núcleo de Atendimento de Habilitação de Taguatinga";"4";"0";"Desativ GERTRAN II"
"01056017005003002";"NUVEI II - Núcleo de Atendimento de Veículo de Taguatinga";"4";"0";"NUVEI II"
"01056017005004";"GERTRAN V - Gerência Regional de Trânsito do Gama";"4";"0";"GERTRAN V"
"01056017005005";"GERTRAN IV - Gerência Regional de Trânsito do Paranoá";"4";"0";"GERTRAN IV"
"01056017005006";"GERTRAN VI - Gerência Regional de Trânsito de Sobradinho";"4";"0";"GERTRAN VI"
"01056017005006001";"NUHAB VI - Núcleo de Atendimento de Habilitação de Sobradinho";"4";"0";"NUHAB VI"
"01056017005006002";"NUVEI VI - Núcleo de Atendimento de Veículo de Sobradinho";"4";"0";"NUVEI VI"
"01056017005007";"NUTRAN II - Núcleo Regional de Trânsito de Planaltina";"4";"0";"NUTRAN II"
"01056017005008";"NUTRAN III - Núcleo Regional de Trânsito de Brazlândia";"4";"0";"NUTRAN III"
"01056017005009";"NUTRAN IV - Núcleo Regional de Trânsito do Recanto das Emas";"4";"0";"NUTRAN IV"
"01056017006";"GERPEN - Gerência de Penalidades";"4";"0";"GERPEN"
"01056017006001";"NUARE - Núcleo de Análise de Recursos";"4";"0";"NUARE"
"01056017006002";"NUPEN - Núcleo de Penalidades";"4";"0";"NUPEN"
"01056017006003";"NUDEP - Núcleo de Defesa Prévia";"4";"0";"NUDEP"
"01056017007";"GERHAB - Gerência de Habilitação e Controle de Condutores";"4";"0";"GERHAB"
"01056017008";"GERVEI - Gerência de Controle de Veículos";"4";"0";"GERVEI"
"01056017008001";"NUPLAV - Núcleo de Expedição de Placa de Veículo";"4";"0";"NUPLAV"
"01056017009";"GERSA - Gerência de Saúde";"4";"0";"GERSA"
"01056017009001";".";"4";"0";"."
"01056017010";"GERHAB - Gerência de Habilitação e Controle de Condutores";"4";"0";"GERHAB"
"01056017010001";"NUCAN - Núcleo de Avaliação de Candidatos";"4";"0";"NUCAN"
"01056018";"ASCOM - Assessoria de Comunicação";"4";"1";"ASCOM"
"01056019";"Corregedoria";"4";"1";"Corregedoria"
"01056020";"DIREDUC - Diretoria de Educação de Trânsito";"4";"1";"DIREDUC"
"01056020001";"GERAT-Gerência de Ação Educativa de Trânsito";"4";"0";"GERAT"
"01056020002";"NUFOR - Núcleo de Formação e Cursos de Trânsito";"4";"1";"NUFOR"
"01056020003";"NUPET- Núcleo de Programa Educativo de Trânsito";"4";"1";"NUPET"
"01056020004";"NUCET- Núcleo de Campanha Educativa de Trânsito";"4";"1";"NUCET"
"01056020005";"EPT - Escola Pública de Trânsito";"4";"1";"Escola Pública de Tr"
"01056020006";"GERAT - Gerência de Ação Educativa de Trânsito";"4";"1";"GERAT"
"01056021";"DIRAG - Diretoria de Administração Geral";"4";"0";"DIRAG"
"01056021001";"GERAD - Gerência de Apoio Administrativo";"4";"0";"GERAD"
"01056021001001";"NUDOC - Núcleo de Documentação e Comunicação Administrativa";"4";"0";"NUDOC"
"01056021001002";"NUMAP - Núcleo de Manutenção Predial";"4";"0";"NUMAP"
"01056022";"DIRPOL - Diretoria de Policiamento e Fiscalização de Trânsito";"4";"1";"DIRPOL"
"01056022001";"NURIN - Núcleo de Registro de Infração de Trânsito";"4";"0";"NURIN"
"01056022002";"NUOTE - Núcleo de Operação Técnica de Trânsito";"4";"0";"NUOTE"
"01056022003";"COPOL METROPOLITANA - Coordenação Regional de Policiamento e Fiscalização de Trânsito Metropolitana";"4";"0";"COPOL METROPOLITANA"
"01056022003001";"DVA I - Depósito de Veículo Apreendido Metropolitana";"4";"0";"DVA I"
"01056022004";"COPOL LESTE - Coordenação Regional de Policiamento e Fiscalização de Trânsito Leste";"4";"0";"COPOL LESTE"
"01056022005";"COPOL SUL - Coordenação Regional de Policiamento e Fiscalização de Trânsito Sul";"4";"0";"COPOL SUL"
"01056022005001";"DVA V - Depósito de Veículo Apreendido Sul";"4";"0";"DVA V"
"01056022006";"COPOL OESTE - Coordenação Regional de Policiamento e Fiscalização de Trânsito Oeste";"4";"0";"COPOL OESTE"
"01056022006001";"DVA II - Depósito de Veículo Apreendido Oeste";"4";"0";"DVA II"
"01056022007";"GERINSP - Gerência de Exame, Inspeção Técnica Veicular e de Emissão de Gases Poluentes";"4";"0";"GERINSP"
"01056022007001";"NUEVEP I - Núcleo de Exame, Inspeção Técnica Veicular e de Emissão de Gases Poluentes de Brasília";"4";"0";"NUEVEP I"
"01056022007002";"NUEVEP II - Núcleo de Exame, Inspeção Técnica Veicular e de Emissão de Gases Poluentes de Taguatinga";"4";"0";"NUEVEP II"
"01056022007003";"NUEVEP IV - Núcleo de Exame, Inspeção Técnica Veicular e de Emissão de Gases Poluentes do Paranoá";"4";"0";"NUEVEP IV"
"01056022007004";"NUEVEP VI - Núcleo de Exame, Inspeção Técnica Veicular e de Emissão de Gases Poluentes de Sobradinho";"4";"0";"NUEVEP VI"
"01056022007005";"NUEVEP V - Núcleo de Exame, Inspeção Técnica Veicular e de Emissão de Gases Poluentes do Gama";"4";"0";"NUEVEP V"
"01056022007006";"NUINSP - Núcleo de Inspeção Técnica Veicular";"4";"0";"NUINSP"
"01056023";"DIREN - Diretoria de Engenharia de Trânsito";"4";"0";"DIREN"
"01056023001";"GEREN - Gerência de Engenharia de Trânsito";"4";"0";"GEREN"
"01056023001001";"NUFEN - Núcleo de Fiscalização de Engenharia";"4";"0";"NUFEN"
"01056023001002";"NUMEQ - Núcleo de Sinalização e Manutenção de Equipamento Eletrônico";"4";"0";"NUMEQ"
"01056023001003";"SIHO - Sinalização Horizontal";"4";"0";"SIHO"
"01056024";"DIRPOF - Diretoria de Planejamento, Orçamento e Finanças";"4";"1";"DIRPOF"
"01056025";"DIRTEC - Diretoria da Tecnologia da Informação e Comunicação - DETRAN";"4";"1";"DIRTEC"
"01056026";"RENAVAM - Registro Nacional de Veículos Automotores";"4";"1";"RENAVAM"
"01056027";"RENAINF - Registro Nacional de Infrações";"4";"1";"RENAINF"
"01056028";"154 - Central";"4";"1";"154"
"01056029";"GERTRAN I - Gerência Regional de Trânsito de Brasília";"4";"1";"GERTRAN I"
"01056030";"NUHAB V - Núcleo de Atendimento de Habilitação Gama";"4";"1";"NUHAB I"
"01056031";"NUVEI I - Núcleo de Atendimento de Veículo de Brasília";"4";"1";"NUVEI I"
"01056032";"GERTRAN II - Gerência Regional de Trânsito de Taguatinga";"4";"0";"GERTRAN II"
"01056033";"NUHAB II - Núcleo de Atendimento de Habilitação de Taguatinga";"4";"1";"NUHAB II"
"01056034";"NUVEI II - Núcleo de Atendimento de Veículo de Taguatinga";"4";"1";"NUVEI II"
"01056035";"Nuvei IV - Núcleo de Atendimento de Veículos do Paranoá";"4";"1";"Nuvei IV"
"01056036";"GERTRAN IV - Gerência Regional de Trânsito do Paranoá";"4";"1";"GERTRAN IV"
"01056037";"GERTRAN VI - retire as demandas daqui";"4";"0";"GERTRAN VI"
"01056038";"NUHAB VI - Núcleo de Atendimento de Habilitação de Sobradinho";"4";"1";"NUHAB VI"
"01056039";"GERAT-Gerência de Ação Educativa de Trânsito";"4";"0";"GERAT"
"01056040";"COPOL METROPOLITANA - Coordenação Regional de Policiamento e Fiscalização de Trânsito Metropolitana";"4";"1";"COPOL METROPOLITANA"
"01056041";"NUFOR - Núcleo de Formação e Cursos de Trânsito";"4";"0";"NUFOR"
"01056042";"NUTRAN II - Núcleo Regional de Trânsito de Planaltina";"4";"1";"NUTRAN II"
"01056043";"GERAD - Gerência de Apoio Administrativo";"4";"0";"GERAD"
"01056044";"NUTRAN III - Núcleo Regional de Trânsito de Brazlândia";"4";"1";"NUTRAN III"
"01056045";"NUDOC - Núcleo de Documentação e Comunicação Administrativa - DETRAN";"4";"1";"NUDOC"
"01056046";"NUMAP - Núcleo de Manutenção Predial";"4";"1";"NUMAP"
"01056047";"COPOL LESTE - Coordenação Regional de Policiamento e Fiscalização de Trânsito Leste";"4";"1";"COPOL LESTE"
"01056048";"NUTRAN IV - Núcleo Regional de Trânsito do Recanto das Emas";"4";"1";"NUTRAN IV"
"01056049";"NUFEN - Núcleo de Fiscalização de Engenharia";"4";"1";"NUFEN"
"01056050";"COPOL OESTE - Coordenação Regional de Policiamento e Fiscalização de Trânsito Oeste";"4";"1";"COPOL OESTE"
"01056051";"COPOL SUL - Coordenação Regional de Policiamento e Fiscalização de Trânsito Sul";"4";"1";"COPOL SUL"
"01056052";"NUMEQ - Núcleo de Sinalização e Manutenção de Equipamento Eletrônico";"4";"1";"NUMEQ"
"01056053";"SIHO Sul - Sinalização Horizontal Sul";"4";"0";"SIHO Sul"
"01056054";"NUARE - Núcleo de Análise de Recursos";"4";"1";"NUARE"
"01056055";"NUPEN - Núcleo de Penalidades";"4";"1";"NUPEN"
"01056056";"GERVEI - Gerência de Controle de Veículos";"4";"1";"GERVEI"
"01056057";"NUDEP - Núcleo de Defesa Prévia";"4";"1";"NUDEP"
"01056058";"DVA I - Depósito de Veículo Apreendido Metropolitana";"4";"1";"DVA I"
"01056059";"NUPLAV - Núcleo de Expedição de Placa de Veículo";"4";"1";"NUPLAV"
"01056060";"Desativado-NUMED - Núcleo de Medicina de Trânsito";"4";"0";""
"01056061";"DVA II - Depósito de Veículo Apreendido Oeste";"4";"1";"DVA II"
"01056062";"Na Hora - Rodoviária";"4";"0";""
"01056063";"DVA V - Depósito de Veículo Apreendido Sul";"4";"1";"DVA V"
"01056064";"NUCAN - Núcleo de Controle de Candidatos";"4";"1";"NUCAN"
"01056065";"GERINSP - Gerência de Exame, Inspeção Técnica Veicular e de Emissão de Gases Poluentes";"4";"1";"GERINSP"
"01056066";"NUINSP - Núcleo de Inspeção Técnica Veicular";"4";"1";"NUINSP"
"01056067";"SEGAB - Secretaria do Gabinete da Direção Geral Detran";"4";"0";"SEGAB"
"01056068";"NUEVEP V - Núcleo de Exame, Inspeção Técnica Veicular e de Emissão de Gases Poluentes do Gama";"4";"1";"NUEVEP V"
"01056069";"NUEVEP VI - Núcleo de Exame, Inspeção Técnica Veicular e de Emissão de Gases Poluentes de Sobradinho";"4";"1";"NUEVEP VI"
"01056070";"NUEVEP IV - Núcleo de Exame, Inspeção Técnica Veicular e de Emissão de Gases Poluentes do Paranoá";"4";"1";"NUEVEP IV"
"01056071";"NUEVEP II - Núcleo de Exame, Inspeção Técnica Veicular e de Emissão de Gases Poluentes de Taguatinga";"4";"1";"NUEVEP II"
"01056072";"NUOTE - Núcleo de Operação Técnica de Trânsito";"4";"1";"NUOTE"
"01056073";"NUEVEP I - Núcleo de Exame, Inspeção Técnica Veicular e de Emissão de Gases Poluentes de Brasília";"4";"1";"NUEVEP I"
"01056074";"NUVEI VI - Núcleo de Atendimento de Veículos de Sobradinho";"4";"1";"NUVEI VI"
"01056075";"NUQUAV - Núcleo de Qualidade de Vida";"4";"1";"NUQUAV"
"01056076";"NUDEC - Núcleo de Desenvolvimento e Capacitação";"4";"0";"NUDEC"
"01056077";"Temporário Detran";"4";"0";"Temporário Detran"
"01056078";"NUREF - Nucleo de Registro  Funcionaç";"4";"1";"NUREF"
"01056079";"NUSPA - Núcleo de Segurança e Prevenção de Acidentes";"4";"1";"NUSPA"
"01056080";"Na Hora - Sobradinho";"4";"0";""
"01056081";"NA HORA - CEILÂNDIA";"4";"0";"NA HORA - CEILÂNDIA"
"01056082";"SIHO Norte - Sinalização Horizontal Norte";"4";"0";"SIHO Norte"
"01056083";"Na Hora Riacho Fundo";"4";"0";""
"01056084";"Na Hora - Gama";"4";"0";""
"01056085";"Na Hora Taguatinga";"4";"1";""
"01056086";"EPT - Escola Pública de Trânsito";"4";"0";"EPT"
"01056087";"UCOI - Unidade de Controle de Infrações de Trânsito";"4";"1";"UCOI"
"01056088";"EPT - Escola Pública de Trânsito";"4";"0";"EPT"
"01056089";"Núcleo de Psicologia de Trânsito - Nupsi";"4";"1";"Nupsi"
"01056090";"NUREC - Núcleo de Receita";"4";"1";"NUREC"
"01056091";"NUCONT - Núcleo de Contabilidade";"4";"1";"NUCONT"
"01056092";"NUCOB - Núcleo de Cobrança";"4";"1";"NUCOB"
"01056093";"NUPRO - Núcleo de Estudo e Elaboração de Projeto";"4";"0";"NUPRO"
"01056094";"DIRAG - Diretoria de Administração Geral";"4";"1";"DIRAG"
"01056095";"NA HORA RODOVIÁRIA";"4";"1";"NA HORA RODOVIÁRIA"
"01056096";"NA HORA SOBRADINHO";"4";"1";"NA HORA SOBRADINHO"
"01056097";"NA HORA CEILÂNDIA";"4";"1";"Na hora Ceilândia"
"01056098";"NA HORA GAMA";"4";"0";"Na hora Gama"
"01056099";"NA HORA RIACHO FUNDO";"4";"1";"Na hora Riacho Fundo"
"01056100";"Núcleo de Veículos V";"4";"1";"NUVEI V"
"01056101";"NURFI - Núcleo de Registro Financeiro";"4";"1";"NURFI"
"01056102";"NULEI - Nucleo de Leilão";"4";"1";"NULEI"
"01056103";"DEMANDAS ENGENHARIA";"4";"0";"SEI ENGENHARIA"
"01056103001";"NUPRO";"4";"0";"NUPRO"
"01056104";"NUATE 01 - Núcleo de Atendimento às Entidades Públicas Credenciadas";"4";"1";"NUATE I"
"01056105";"Unidade de Motociclistas Operacionais de Trânsito - UMOP";"4";"1";"UMOP"
"01056106";"NUATE II - Núcleo de Atendimento à Entidade Pública e Credenciada";"4";"1";"NUATE II"
"01056107";"Agendamento";"4";"1";"AGENDAMENTO"
"01056108";"NUHAB IV -  Núcleo de Atendimento de Habilitação do Paranoá";"4";"1";"NUHAB IV"
"01056109";"Resetar cadastro Portal";"4";"1";"Resetar cadastro Por"
"01056110";"Recadastramento";"4";"1";"Recadastramento"
"01056111";"Análise";"4";"0";"Ouvidoria DETRAN"
"01057";"EMATER - Empresa de Assistência Técnica e Extensão Rural";"3";"1";"EMATER"
"01058";"FUNAP - Fundação de Amparo ao Trabalhador Preso";"3";"1";"FUNAP"
"01058001";"Diretória Executiva";"4";"1";"DIREC"
"01059";"FAP - Fundação de Apoio à Pesquisa";"3";"1";"FAP"
"01060";"FEPECS - Fundação de Ensino e Pesquisa em Ciência da Saúde";"3";"1";"FEPECS"
"01061";"FHB - Fundação Hemocentro de Brasília";"3";"1";"FHB"
"01062";"FJZB - Fundação Jardim Zoológico de Brasilia";"3";"1";"FJZB"
"01063";"PROCON/DF - Instituto de Defesa do Consumidor do Distrito Federal";"3";"1";"PROCON/DF"
"01064";"IPREV/DF - Instituto de Previdência dos Servidores";"3";"1";"IPREV/DF"
"01065";"IBRAM - Instituto do Meio Ambiente e Recursos Hídricos do Distrito Federal - Brasília Ambiental";"3";"1";"IBRAM"
"01065001";"DIFIS I - Diretoria  de Fiscalização de Poluição do Ar e Sonora";"4";"1";"DIFIS I"
"01065001001";"Auditor-01";"4";"0";"Auditor"
"01065001002";"Auditor-02";"4";"0";"Auditor"
"01065001003";"Auditor-03";"4";"0";"Auditor"
"01065001004";"Auditor-04";"4";"0";"Auditor"
"01065001005";"Auditor-05";"4";"0";"Auditor"
"01065001006";"Auditor-06";"4";"0";"Auditor"
"01065001007";"Auditor-07";"4";"0";"Auditor"
"01065001008";"Auditor-08";"4";"0";"Auditor"
"01065001009";"Auditor-09";"4";"0";"Auditor"
"01065001010";"Auditor-10";"4";"0";"Auditor"
"01065001011";"Auditor-11";"4";"0";"Auditor"
"01065001012";"Auditor-12";"4";"0";"Auditor"
"01065001013";"Auditor-13";"4";"0";"Auditor"
"01065001014";"Auditor-14";"4";"0";"Auditor"
"01065001015";"Auditor-15";"4";"0";"Auditor"
"01065001016";"Auditor-16";"4";"0";"Auditor"
"01065002";"DIFIS V - Atividades licenciamento e recursos hídricos";"4";"1";"DIFIS V"
"01065003";"DIFIS II Flora e Madereiras";"4";"1";"DIFIS II"
"01065004";"DIFIS IV - Fauna e Pesqueiros";"4";"1";"DIFIS IV"
"01065005";"SUAG-Superintendência de Administração Geral";"4";"1";"SUAG"
"01065006";"DIREM - Diretoria de Risco de Emergência e monitoramento";"4";"1";"DIREM/IBRAM"
"01065007";"SEGER - Secretaria Geral";"4";"1";"SEGER"
"01065008";"SULAM - Superintendência de Licenciamento Ambiental";"4";"1";"SULAM"
"01065008001";"DILAM I";"4";"1";"DIR LICENCIAMENTO"
"01065008002";"DILAM II";"4";"1";"DIR LICENCIAMENTO"
"01065008003";"DILAM III";"4";"1";"DIR LICENCIAMENTO"
"01065008004";"DILAM IV";"4";"1";"DIR LICENCIAMENTO"
"01065008005";"DILAM V";"4";"1";"DIR LICENCIAMENTO"
"01065009";"SUCON - Superintendência  de Manutenção Unidades de Conservação e Parques - IBRAM";"4";"1";"SUCON"
"01065010";"DIAVA - Diretoria de avaliação da qualidade ambiental";"4";"0";"DIAVA"
"01065011";"DICON  - Diretoria de Conservação";"4";"1";"DICON"
"01065012";"DIFIS III - Diretoria de Fisc. Parcelamento do Solo";"4";"1";"DIFIS III"
"01065013";"DIRUC I Diretoria Regional Ucs";"4";"0";"DIRUC I"
"01065014";"DIRUC II - Diretoria Regional Ucs";"4";"0";"DIRUC II"
"01065015";"DIRUC III - Diretoria Regional Ucs";"4";"0";"DIRUC III"
"01065016";"SUFAM - Superintendência de Fiscalização / IBRAM";"4";"1";"SUFAM/IBRA"
"01065016001";"SUFAM/DIFIS IV";"4";"1";"SUFAM/DIFIS IV"
"01065016002";"SUFAM/DIFIS V";"4";"1";"SUFAM/DIFIS V"
"01065016003";"SUFAM/DIFIS III";"4";"1";"SUFAM/DIFIS III"
"01065016004";"SUFAM/DIFIS II";"4";"1";"SUFAM/DIFIS II"
"01065016005";"SUFAM/DIFIS I";"4";"1";"SUFAM/DIFIS I"
"01065017";"DIRUC I/IBRAM";"4";"1";"DIRUC I/IBRAM"
"01065018";"DIRUC II/IBRAM";"4";"1";"DIRUC II/IBRAM"
"01065019";"DIRUC III/IBRAM";"4";"1";"DIRUC III/IBRAM"
"01065020";"DIPUC";"4";"1";"DIPUC"
"01065021";"DIPOM - Diretoria de Projetos, Obras e Manutenção";"4";"1";"DIPOM"
"01065022";"UCI/ UNIDADE DE CONTROLE INTERNO";"4";"1";"UCI"
"01065023";"UFAU/IBRAM";"4";"1";"UNFAU/IBRAM"
"01066";"JBB - Jardim Botânico de Brasília";"3";"1";"JBB"
"01067";"PCDF - Polícia Civil do Distrito Federal";"3";"1";"PCDF"
"01068";"PMDF - Polícia Militar do Distrito Federal";"3";"1";"PMDF"
"01068001";"Departamento Operacional - DOp";"4";"1";"DOp"
"01069";"PGDF - Procuradoria Geral do Distrito Federal";"3";"1";"PGDF"
"01069001";"Diretoria de Suporte Administrativo da Procuradoria Fiscal";"4";"1";"DIFIS/PROFIS"
"01070";"SEAGRI - Secretaria de Estado da Agricultura, Abastecimento e Desenvolvimento Rural do Distrito Federal";"3";"1";"SEAGRI"
"01071";"CACI - Casa Civil do Distrito Federal";"3";"1";"CACI"
"01072";"SECEC - Secretaria de Estado de Cultura e Econ. Criativa do DF";"3";"1";"SECEC"
"01073";"SDE - Secretaria de Estado de Desenvolvimento Econômico do Distrito Federal";"3";"1";"SDE"
"01074";"SEE - Secretaria de Estado de Educação do Distrito Federal";"3";"1";"SEE"
"01074001";"COOR. REGIONAL DE ENSINO DE BRAZLÂNDIA";"4";"1";"CRE BRAZLÂNDIA"
"01074002";"COOR. REGIONAL DE ENSINO DE CEILÂNDIA";"4";"1";"CRE CEILÂNDIA"
"01074003";"COOR. REGIONAL DE ENSINO DE PLANALTINA";"4";"1";"CRE PLANALTINA"
"01074004";"COOR. REGIONAL DE ENSINO DE SAMAMBAIA";"4";"1";"CRE SAMAMBAIA"
"01074005";"COOR. REGIONAL DE ENSINO DE SANTA MARIA";"4";"1";"CRE SANTA MARIA"
"01074006";"COOR. REGIONAL DE ENSINO DE SÃO SEBASTIÃO";"4";"1";"CRE SÃO SEBASTIÃO"
"01074007";"COOR. REGIONAL DE ENSINO DE SOBRADINHO";"4";"1";"CRE SOBRADINHO"
"01074008";"COOR. REGIONAL DE ENSINO DE TAGUATINGA";"4";"1";"CRE TAGUATINGA"
"01074009";"COOR. REGIONAL DE ENSINO DO GAMA";"4";"1";"CRE GAMA"
"01074010";"COOR. REGIONAL DE ENSINO DO GUARÁ";"4";"1";"CRE GUARÁ"
"01074011";"COOR. REGIONAL DE ENSINO DO NÚCLEO BANDEIRANTE";"4";"1";"CRE BANDEIRANTE"
"01074012";"COOR. REGIONAL DE ENSINO DO PARANOÁ";"4";"1";"CRE PARANOÁ"
"01074013";"COOR.REGIONAL DE ENSINO DO PLANO PILOTO/CRUZEIRO";"4";"1";"CRE PPC"
"01074014";"COOR. REGIONAL DE ENSINO DO RECANTO DAS EMAS";"4";"1";"CRE RECANTO DAS EMAS"
"01074015";"EAPE - Subsecretaria de Formação Continuada dos Profissionais da Educação/SEEDF";"4";"1";"EAPE/SEEDF"
"01074016";"GABINETE";"4";"0";"GAB"
"01074017";"SUGEP - Subsecretaria de Gestão de Pessoas/SEEDF";"4";"1";"SUGEP/SEEDF"
"01074018";"SUB. EDUCAÇÃO BÁSICA";"4";"1";"SUBEB"
"01074019";"SUB. INFRAESTRUTURA E APOIO EDUCACIONAL";"4";"1";"SIAE"
"01074020";"SINOVA - Subsecretaria de Inovação e Tecnologias Pedagógicas e de Gestão/SEEDF";"4";"0";"SINOVA/SEEDF"
"01074021";"COOR. DE SUPERVISÃO NORMAS INFO DO SISTEMA DE ENSINO";"4";"0";"COSIE"
"01074022";"DIRETORIA DE ACOMPANHAMENTO DA OFERTA EDUCACIONAL";"4";"0";"DIOFE"
"01074023";"SUBSECRETARIA  DE ADMINISTRAÇÃO GERAL";"4";"1";"SUAG"
"01074024";"SUPLAV - Subsecretaria de Planejamento, Acompanhamento e Avaliação/SEEDF";"4";"1";"SUPLAV/SEEDF"
"01074025";"SUBIN - Subsecretaria de Educação Inclusiva e Integral/SEEDF";"4";"1";"SUBIN/SEEDF"
"01074026";"SUPLAV - SUBSECRETARIA DE PLANEJAMENTO, ACOMPANHAMENTO E AVALIAÇÃO/SEE";"4";"0";"SUPLAV/SEEDF"
"01074027";"Subsecretaria de Educação Inclusiva e Integral - SUBIN/SEE";"4";"0";"SUBIN/SEE"
"01074028";"CORREG - Corregedoria/SEEDF";"4";"1";"Corregedoria/SEEDF"
"01074029";"FUNAB - Fundação Universidade Aberta do Distrito Federal";"4";"1";"FUNAB"
"01074030";"SEPT - SUBSECRETARIA DE EDUCAÇÃO PROFISSIONAL E TECNOLÓGICA";"4";"0";"SEPT"
"01075";"SEEC - Secretaria de Estado de Economia do Distrito Federal";"3";"1";"SEEC"
"01076";"SODF - Secretaria de Estado de Obras e Infraestrutura do Distrito Federal";"3";"1";"SODF"
"01076001";"Assessoria de Gestão de Iluminação Pública - AGIP / SODF";"4";"1";"AGIP/OUV/SODF"
"01076001001";"Iluminação Pública - IP / SODF - (desabilitar)";"4";"0";"IP/SODF"
"01076002";"Iluminação Pública - IP / SODF";"4";"1";"IP - SODF"
"01077";"SEJUS - Secretaria de Estado de Justiça e Cidadania do Distrito do Distrito Federal";"3";"1";"SEJUS"
"01077001";"NA HORA - Subsecretaria de Modernização do Atendimento Imediato ao Cidadão";"4";"1";"NA HORA"
"01077002";"CCIAD - Coordenação de Correição Administrativa/Controladoria Setorial SEJUS";"4";"1";"CCIAD - Coordenação"
"01077003";"COORGEP - Coordenação de Gestão de Pessoas";"4";"1";"COORGEP"
"01077004";"CEDICON - Comissão de Ética dos Conselhos Tutelares";"4";"0";"CEDICON"
"01077005";"Eleição Conselho Tutelar";"4";"1";"Eleição CTs"
"01077006";"SUAF - Subsecretaria de Assuntos Funerários";"4";"1";"SUAF"
"01077007";"SUBIDOSO - Subsecretaria de Políticas para Idoso";"4";"1";"SUBIDOSO"
"01077008";"SEPD";"4";"0";"SEPC"
"01078";"SEMOB - Secretaria de Estado de Transporte e Mobilidade do Distrito Federal";"3";"1";"SEMOB"
"01078001";"URBI - SEMOB";"4";"1";"URBI MOBILIDADE"
"01078002";"MARECHAL - SEMOB";"4";"1";"VIAÇÃO MARECHAL"
"01078003";"SAO JOSE - SEMOB";"4";"1";"VIAÇÃO SÃO JOSÉ"
"01078004";"PIRACICABANA -SEMOB";"4";"1";"VIAÇÃO PIRACICABANA"
"01078005";"COTI - Coordenação de Transporte Individual/SUBSER - SEMOB";"4";"1";""
"01078005001";"INATIVA";"4";"0";""
"01078006";"SUFISA - Subsecretaria de Fiscalização, Auditoria e Controle - SEMOB";"4";"1";""
"01078007";"SUINP - Subsecretaria de Infraestrutura e Planejamento - SEMOB";"4";"1";""
"01078008";"PIONEIRA - SEMOB";"4";"1";"PIONEIRA"
"01078008001";"Pioneira São Sebastião - SEMOB";"4";"1";""
"01078008002";"Pioneira Gama - SEMOB";"4";"1";""
"01078008003";"Pioneira Santa Maria - SEMOB";"4";"1";""
"01078008004";"Pioneira Itapoã e Paranoá - SEMOB";"4";"1";""
"01078009";"OUV/SEMOB - AD";"4";"1";"OUVIDOR/SEMOB"
"01078010";"COSE - Coordenação de Serviços Especiais/SUBSER - SEMOB";"4";"1";""
"01078011";"SUOP - Subsecretaria de Operações - SEMOB";"4";"1";""
"01078011001";"DIPLAG-ST - Diretoria de Planejamento e Gestão do Sistema de Transporte/SUOP - SEMOB";"4";"0";""
"01078011002";"DIPLAG-RP - Diretoria de Planejamento e Gestão do Transporte Rural e Privado/SUOP - SEMOB";"4";"0";""
"01078011003";"Gerência de Supervisão Operacional - GESOP";"4";"1";"GESOP"
"01078011004";"GEPROM IV - Gerência de Programação e Monitoramento  IV";"4";"1";""
"01078012";"SUTER - Subsecretaria de Terminais - SEMOB";"4";"1";""
"01078012001";"DIATER";"4";"1";"DIATER"
"01078013";"SUTINF - Subsecretaria de Tecnologia da Informação - SEMOB";"4";"1";""
"01078014";"SBA - Cartões Vale Transporte / Cidadão - SEMOB";"4";"1";""
"01078015";"SBA - Cartão Passe Livre Estudantil - SEMOB";"4";"1";""
"01078016";"SBA - Integração Tarifária - SEMOB";"4";"1";"SBA - Integração"
"01078017";"SBA - Atendimento nos postos - SEMOB";"4";"1";""
"01078018";"SBA - Cartões Idoso / PCD / Criança Candanga - SEMOB";"4";"1";""
"01078019";"GETER I - Gerência de Gestão de Terminais Norte - SEMOB";"4";"1";""
"01078020";"GETER II - Gerência de Gestão de Terminais Sul - SEMOB";"4";"1";"GETER - SUL"
"01078021";"GEMOB - Gerência de Mobiliário Urbano / Subsecretaria de Terminais - SEMOB";"4";"1";""
"01078022";"BACIA 1  - Gerência de Gestão I / Subsecretaria de Operações - SEMOB";"4";"1";""
"01078023";"BACIA 3 - Gerência de Gestão II-Bacia 3 / Subsecretaria de Operações - SEMOB";"4";"1";""
"01078024";"BACIAS 4 e 5 - Gerência de Gestão III / Subsecretaria de Operações - SEMOB";"4";"1";""
"01078025";"BACIA 2 - Gerência de Gestão II - Bacia 2 / Subsecretaria de Operações - SEMOB";"4";"1";""
"01078026";"BACIA 3 - Gerência de Gestão II / Subsecretaria de Operações";"4";"0";""
"01078027";"BACIAS 4 e 5 - Gerência de Gestão III / Subsecretaria de Operações";"4";"0";""
"01078028";"DIPLAG-ST - Diretoria de Planejamento e Gestão do Sistema de Transporte/SUOP - SEMOB";"4";"1";""
"01078029";"DIPLAG-RP - Diretoria de Planejamento e Gestão do Transporte Rural e Privado/SUOP - SEMOB";"4";"1";""
"01078029001";"GETRANSP";"4";"1";"GETRANSP"
"01078029002";"GETRUR";"4";"1";"GETRUR"
"01078030";"GEATER- Gerência de Administração de Terminais";"4";"1";"GEATER"
"01078031";"SBA - Instituição de Ensino - SEMOB";"4";"1";"SBA - IE - SEMOB"
"01078032";"Assessoria Especial de Gerenciamento do Programa de Transporte Urbano";"4";"1";"Assessoria Especial"
"01078033";"SUPLAN - Subsecretaria de Planejamento - SEMOB";"4";"1";""
"01079";"SEPLAG - Secretaria de Estado de Planejamento Orçamento e Gestão";"3";"0";"SEPLAG"
"01080";"SECRIANÇA - Secretaria de Estado de Políticas para Crianças, Adolescentes e Juventude";"3";"0";"SECRIANÇA"
"01081";"SSP - Secretaria de Estado da Segurança Pública do Distrito Federal";"3";"1";"SSP"
"01081001";"SUBSECRETARIA DO SISTEMA DE DEFESA CIVIL";"4";"0";"DEFESA CIVIL"
"01082";"SEDES - Secretaria de Estado de Desenvolvimento Social do Distrito Federal";"3";"1";"SEDES"
"01083";"SEMA - Secretaria de Estado do Meio Ambiente do Distrito Federal";"3";"1";"SEMA"
"01084";"SLU - Serviço de Limpeza Urbana";"3";"1";"SLU"
"01084001";"PROJUR - Procuradoria Jurídica/SLU";"4";"1";"PROJUR"
"01084002";"DILUR - Diretoria de Limpeza Urbana/SLU";"4";"1";"DILUR"
"01084002001";"NUSOB - Núcleo Limpeza Sobradinho/SLU";"4";"1";"sobradinho"
"01084002002";"GESUL - Gerência Limpeza SUL/SLU";"4";"1";""
"01084002003";"GEOES - Gerência Limpeza Oeste/SLU";"4";"1";""
"01084002004";"GENOR - Gerência de Limpeza Norte/SLU";"4";"1";""
"01084002005";"DILUR - Administrativo/SLU";"4";"1";""
"01084002005001";"Cancelado 01/SLU";"4";"0";"Coleta Seletiva"
"01084002006";"DILUR - Condomínios, Grandes Geradores, Lixeiras, Papa-lixo e RCC";"4";"1";""
"01084002006001";"Cancelado 05/SLU";"4";"0";"Coleta Seletiva"
"01084002007";"DITEC - Coleta Seletiva catadores/SLU";"4";"1";"Coleta Seletiva"
"01084002008";"NUPLA - Núcleo Limpeza Planaltina/SLU";"4";"1";""
"01084002009";"NUBSB - Núcleo Limpeza São Sebastião/SLU";"4";"1";"Núc. Limp. Brasília"
"01084003";"UAI - Unidade de Auditoria Interna/SLU";"4";"1";"CONTR"
"01084004";"DIAFI - Diretoria de Administração e Financeira/SLU";"4";"1";"DIAFI"
"01084004001";"Cancelado 02/SLU";"4";"0";""
"01084005";"ASCOM - Assessoria de comunicação/SLU";"4";"1";"ASCOM"
"01084006";"DITEC - Diretoria Técnica/SLU";"4";"1";"DITEC"
"01084007";"Cancelado 03/SLU";"4";"0";""
"01084008";"Cancelado 04/SLU";"4";"0";""
"01084009";"DIGET - Diretoria de Modernização/SLU";"4";"1";""
"01084010";"DIRAD - Diretoria Adjunta/SLU";"4";"1";""
"01085";"TCB - Sociedade de Transportes Coletivos de Brasília";"3";"1";"TCB"
"01086";"DFTRANS - Transporte Urbano do Distrito Federal";"3";"0";"DFTRANS"
"01086001";"DITEC - Diretoria Técnica";"4";"0";""
"01086001001";"COPLA - Coordenação de Planejamento e Operações de Transporte";"4";"0";""
"01086001001001";"Bacia 01";"4";"0";""
"01086001001002";"Bacia 02/DFTRANS";"4";"0";"Bacia 02/DFTRANS"
"01086001001003";"Bacia 03/DFTRANS";"4";"0";"Bacia 03/DFTRANS"
"01086001001004";"Bacia 04";"4";"0";"Bacia 04/DFTRANS"
"01086001001005";"Bacia 05/DFTRANS";"4";"0";"Bacia 05/DFTRANS"
"01086001001006";"Rural/DFTRANS";"4";"0";"Rural/DFTRANS"
"01086001002";"GPP - Gerencia de Planejamento e Projetos/DFTRANS";"4";"0";""
"01086002";"DITER - Diretoria de Terminais";"4";"0";""
"01086002001";"UARB -Unidade de Administração da Rodoviária de Brasília";"4";"0";"UARB"
"01086003";"DIRTI - Diretoria de Tecnologia";"4";"0";""
"01086003001";"CSI - Coodernação Sistema de Informação/DFTRANS";"4";"0";"CSI/DTI/DFTRANS"
"01086003002";"GRC - Gerencia de Relações Comunitárias";"4";"0";"GRC/DTI/DFTRANS"
"01086004";"COFIS - Coordenação de Gestão e Fiscalização de Bilhetagem";"4";"0";""
"01086005";"Bacia 01/DFTRANS";"4";"0";"Bacia 01/DFTRANS"
"01086006";"GERPP - Gerencia de Planejamento e Projetos";"4";"0";""
"01086007";"Bacia 02/DFTRANS";"4";"0";"Bacia 02/DFTRANS"
"01086008";"Bacia 03/DFTRANS";"4";"0";"Bacia 03/DFTRANS"
"01086009";"Bacia 04/DFTRANS";"4";"0";""
"01086010";"Bacia 05/DFTRANS";"4";"0";""
"01086011";"Bacia 06 Rural/DFTRANS";"4";"0";""
"01086012";"GERCO - Gerencia de Relações Comunitárias";"4";"0";""
"01086013";"GEPER Gerência de Permissões da Rodoviária de Brasília";"4";"0";"GEPER"
"01086014";"AJL - Assessoria Jurídica";"4";"0";"AJL/DFTRANS"
"01086015";"Chefia de Gabinete";"4";"0";""
"01086016";"GEGRA - Gerência de Controle de Gratuidade";"4";"1";"GEGRA"
"01086017";"Gabinete/DFTRANS";"4";"0";""
"01086018";"DE - DFTrans";"4";"0";""
"01086019";"GEPLA I - Bacia 4/5";"4";"0";""
"01086020";"GEPLA II - Bacia 2/3";"4";"0";""
"01086021";"GEPLA III - Bacia 1/Rural";"4";"0";""
"01086022";"Empresa URBI";"4";"0";"Empresa URBI"
"01086023";"PIONEIRA SÃO SEBASTIÃO";"4";"0";"PIONEIRA S.SEBASTIÃO"
"01086024";"Empresa PIRACICABANA";"4";"0";"Empresa PIRACICABANA"
"01086025";"Empresa MARECHAL";"4";"0";"Empresa MARECHAL"
"01086026";"Empresa SÃO JOSÉ";"4";"0";"Empresa SÃO JOSÉ"
"01086027";"PIONEIRA GAMA";"4";"0";"PIONEIRA GAMA"
"01086028";"PIONEIRA STA MARIA";"4";"0";"PIONEIRA STA.MARIA"
"01086029";"PIONEIRA ITAPUÃ / PARANOÁ";"4";"0";"PIONEIRA ITAP.PAR"
"01086030";"Bilhetagem Automática";"4";"0";"UCBA"
"01086031";"CQ - DFTRANS";"4";"0";"CQ - DFTRANS"
"01086032";"GEMAN Gerência de Manutenção";"4";"0";"GEMAN"
"01086033";"GEPES Gerência de Permissões dos Terminais Sul";"4";"0";"GEPES"
"01086034";"GEPEN Gerência de Permissões dos Terminais Norte";"4";"0";"GEPEN"
"01086035";"PIONEIRA GERAL";"4";"0";"PIONEIRA GERAL"
"01086035001";"PIONEIRA SÃO SEBASTIÃO TESTE";"4";"0";"P. SÃO SEBASTIÃO"
"01086035002";"Emp Pioneira São Sebastião";"4";"0";"Pion. São Sebastião"
"01086035003";"Emp. Pioneira Gama";"4";"0";"Pion. Gama"
"01086035004";"Emp. Pioneira Sta Maria";"4";"0";"Pion Sta Maria"
"01086035005";"Emp. Pioneira Itapuã/Paranoa";"4";"0";"Pion Itapua/Paranoa"
"01086036";"Integração Tarifária OUV";"4";"0";"Integração Tarifária"
"01087";"Vice Governadoria do DF";"3";"1";"Vice Governadoria"
"01088";"SELDF - Secretaria de Estado do Esporte e Lazer do Distrito Federal";"3";"1";"SELDF"
"01089";"Controladoria-Geral do Distrito Federal";"2";"0";"CGDF"
"01090";"SEDUH - Secretaria de Estado de Desenvolvimento Urbano e Habitação do Distrito Federal";"3";"1";"SEDUH"
"01091";"SUBTI - Subcontroladoria de Tecnologia e Informações Estratégicas";"4";"0";"SUBTI/CGDF"
"01092";"Cidades - Secretaria de Estado das Cidades";"4";"0";"Cidades"
"01093";"SECOM - Secretaria de Estado de Comunicação do Distrito Federal";"3";"1";"SECOM"
"01094";"Comissão de Ética CGDF";"4";"0";"Comissão de Ética"
"01095";"Secretaria de Estado de Relações Institucionais do Distrito Federal";"3";"0";"REL. INSTITUCIONAIS"
"01096";"Secretaria de Estado de Ciência, Tecnologia e Inovação do Distrito Federal";"3";"0";"Ciência, Tecnologia"
"01097";"SETUR - Secretaria de Estado de Turismo do Distrito Federal";"3";"1";"SETUR"
"01098";"SETRAB - Secretaria de Estado de Trabalho do Distrito Federal";"3";"1";"SETRAB"
"01098001";"Subsecretária de Atendimento ao Trabalhador e ao Empregador";"4";"0";"SATE"
"01098001001";"DAT";"4";"0";"DAT"
"01098001001001";"Agência Plano Piloto";"4";"0";"Ag. Plano"
"01098001002";"DAE";"4";"0";"DAE"
"01098001003";"Coordenação de Ações para o Trabalhor e Empregador";"4";"0";"CATE"
"01098002";"Gabinete";"4";"0";"Gabinete"
"01099";"Secretaria de Estado da Mulher do Distrito Federal";"3";"0";"MULHER"
"01100";"Secretaria de Estado da Juventude do Distrito Federal";"3";"0";"JUVENTUDE"
"01101";"Secretaria de Estado de Desenvolvimento da Região Metropolitana do Distrito Federal";"3";"0";"REGIÃO METROPOLITANA"
"01102";"Secretaria Extraordinária de Relações Internacionais do Distrito Federal";"3";"0";"REL. INTERNACIONAIS"
"01103";"Secretaria de Estado de Projetos Especiais do Distrito Federal";"3";"0";"PROJETOS ESPECIAIS"
"01104";"SECTI - Secretaria de Estado de Ciência, Tecnologia e Inovação do Distrito Federal";"3";"1";"SECTI"
"01105";"1Secretaria de Estado de Turismo do Distrito Federal";"3";"0";"Turismo"
"01106";"SEJUV - Secretaria de Estado de Juventude do Distrito Federal";"3";"0";"SEJUV"
"01107";"SMDF - Secretaria de Estado da Mulher do Distrito Federal";"3";"1";"SMDF"
"01108";"SEGOV - Secretaria de Estado de Governo";"3";"1";"SEGOV"
"01109";"JUCIS-DF - Junta Comercial, Industrial e Serviços do Distrito Federal";"3";"1";"JUCIS-DF"
"01110";"Arquivo Público do DF";"3";"0";"Arquivo Público do D"
"01111";"Administração Arniqueira - RA XXXIII";"3";"1";"Adm Arniqueira"
"01112";"SUGOV - Subcontroladoira de Governança e Compliance";"4";"1";"SUGOV"
"01113";"SEAPE - Secretaria de Estado de Administração Penitenciária";"3";"1";"SEAPE"
"01114";"INAS - Instituto de Assistência à Saúde dos Servidores do DF";"3";"1";"INAS"
